2025-10-14T09:26:47.838+08:00  INFO 16312 --- [api-platform] [restartedMain] c.b.apiplatform.ApiPlatformApplication   : Starting ApiPlatformApplication using Java 17.0.16 with PID 16312 (D:\AIProject實作\APIPlatform\api-platform\target\classes started by Achilles in D:\AIProject實作\APIPlatform\api-platform)
2025-10-14T09:26:48.147+08:00 DEBUG 16312 --- [api-platform] [restartedMain] c.b.apiplatform.ApiPlatformApplication   : Running with Spring Boot v3.5.6, Spring v6.2.11
2025-10-14T09:26:48.150+08:00  INFO 16312 --- [api-platform] [restartedMain] c.b.apiplatform.ApiPlatformApplication   : No active profile set, falling back to 1 default profile: "default"
2025-10-14T09:26:48.226+08:00  INFO 16312 --- [api-platform] [restartedMain] o.s.b.devtools.restart.ChangeableUrls    : The Class-Path manifest attribute in C:\Users\Achilles\.m2\repository\com\oracle\database\jdbc\ojdbc11\21.9.0.0\ojdbc11-21.9.0.0.jar referenced one or more files that do not exist: file:/C:/Users/Achilles/.m2/repository/com/oracle/database/jdbc/ojdbc11/21.9.0.0/oraclepki.jar
2025-10-14T09:26:48.227+08:00  INFO 16312 --- [api-platform] [restartedMain] .e.DevToolsPropertyDefaultsPostProcessor : Devtools property defaults active! Set 'spring.devtools.add-properties' to 'false' to disable
2025-10-14T09:26:48.228+08:00  INFO 16312 --- [api-platform] [restartedMain] .e.DevToolsPropertyDefaultsPostProcessor : For additional web related logging consider setting the 'logging.level.web' property to 'DEBUG'
2025-10-14T09:26:49.922+08:00  INFO 16312 --- [api-platform] [restartedMain] .s.d.r.c.RepositoryConfigurationDelegate : Bootstrapping Spring Data JPA repositories in DEFAULT mode.
2025-10-14T09:26:50.040+08:00  INFO 16312 --- [api-platform] [restartedMain] .s.d.r.c.RepositoryConfigurationDelegate : Finished Spring Data repository scanning in 104 ms. Found 6 JPA repository interfaces.
2025-10-14T09:26:51.379+08:00  INFO 16312 --- [api-platform] [restartedMain] o.s.b.w.embedded.tomcat.TomcatWebServer  : Tomcat initialized with port 8080 (http)
2025-10-14T09:26:51.412+08:00  INFO 16312 --- [api-platform] [restartedMain] o.apache.catalina.core.StandardService   : Starting service [Tomcat]
2025-10-14T09:26:51.413+08:00  INFO 16312 --- [api-platform] [restartedMain] o.apache.catalina.core.StandardEngine    : Starting Servlet engine: [Apache Tomcat/10.1.46]
2025-10-14T09:26:51.495+08:00  INFO 16312 --- [api-platform] [restartedMain] o.a.c.c.C.[Tomcat].[localhost].[/]       : Initializing Spring embedded WebApplicationContext
2025-10-14T09:26:51.496+08:00  INFO 16312 --- [api-platform] [restartedMain] w.s.c.ServletWebServerApplicationContext : Root WebApplicationContext: initialization completed in 3268 ms
2025-10-14T09:26:51.890+08:00  INFO 16312 --- [api-platform] [restartedMain] o.hibernate.jpa.internal.util.LogHelper  : HHH000204: Processing PersistenceUnitInfo [name: default]
2025-10-14T09:26:52.083+08:00  INFO 16312 --- [api-platform] [restartedMain] org.hibernate.Version                    : HHH000412: Hibernate ORM core version 6.6.29.Final
2025-10-14T09:26:52.224+08:00  INFO 16312 --- [api-platform] [restartedMain] o.h.c.internal.RegionFactoryInitiator    : HHH000026: Second-level cache disabled
2025-10-14T09:26:52.640+08:00  INFO 16312 --- [api-platform] [restartedMain] o.s.o.j.p.SpringPersistenceUnitInfo      : No LoadTimeWeaver setup: ignoring JPA class transformer
2025-10-14T09:26:52.661+08:00  WARN 16312 --- [api-platform] [restartedMain] org.hibernate.orm.deprecation            : HHH90000021: Encountered deprecated setting [hibernate.temp.use_jdbc_metadata_defaults], use [hibernate.boot.allow_jdbc_metadata_access] instead
2025-10-14T09:26:52.689+08:00  WARN 16312 --- [api-platform] [restartedMain] org.hibernate.orm.deprecation            : HHH90000025: SQLServerDialect does not need to be specified explicitly using 'hibernate.dialect' (remove the property setting and it will be selected by default)
2025-10-14T09:26:52.715+08:00  INFO 16312 --- [api-platform] [restartedMain] org.hibernate.orm.connections.pooling    : HHH10001005: Database info:
	Database JDBC URL [undefined/unknown]
	Database driver: undefined/unknown
	Database version: 11.0
	Autocommit mode: undefined/unknown
	Isolation level: <unknown>
	Minimum pool size: undefined/unknown
	Maximum pool size: undefined/unknown
2025-10-14T09:26:53.965+08:00  INFO 16312 --- [api-platform] [restartedMain] o.h.e.t.j.p.i.JtaPlatformInitiator       : HHH000489: No JTA platform available (set 'hibernate.transaction.jta.platform' to enable JTA platform integration)
2025-10-14T09:26:53.969+08:00  INFO 16312 --- [api-platform] [restartedMain] j.LocalContainerEntityManagerFactoryBean : Initialized JPA EntityManagerFactory for persistence unit 'default'
2025-10-14T09:26:54.343+08:00  INFO 16312 --- [api-platform] [restartedMain] o.s.d.j.r.query.QueryEnhancerFactory     : Hibernate is in classpath; If applicable, HQL parser will be used.
2025-10-14T09:26:55.236+08:00 DEBUG 16312 --- [api-platform] [restartedMain] c.b.apiplatform.filter.ApiKeyAuthFilter  : Filter 'apiKeyFilter' configured for use
2025-10-14T09:26:55.398+08:00  WARN 16312 --- [api-platform] [restartedMain] ConfigServletWebServerApplicationContext : Exception encountered during context initialization - cancelling refresh attempt: org.springframework.beans.factory.UnsatisfiedDependencyException: Error creating bean with name 'dynamicQueryController' defined in file [D:\AIProject實作\APIPlatform\api-platform\target\classes\com\bank\apiplatform\controller\DynamicQueryController.class]: Unsatisfied dependency expressed through constructor parameter 0: Error creating bean with name 'dynamicQueryService' defined in file [D:\AIProject實作\APIPlatform\api-platform\target\classes\com\bank\apiplatform\service\DynamicQueryService.class]: Unsatisfied dependency expressed through constructor parameter 0: Error creating bean with name 'apiQueryConfigRepository' defined in com.bank.apiplatform.repository.ApiQueryConfigRepository defined in @EnableJpaRepositories declared on JpaRepositoriesRegistrar.EnableJpaRepositoriesConfiguration: Could not create query for public abstract java.lang.Object com.bank.apiplatform.repository.ApiQueryConfigRepository.orElseThrow(java.lang.String,boolean); Reason: Failed to create query for method public abstract java.lang.Object com.bank.apiplatform.repository.ApiQueryConfigRepository.orElseThrow(java.lang.String,boolean); No property 'orElseThrow' found for type 'ApiQueryConfig'
2025-10-14T09:26:55.400+08:00  INFO 16312 --- [api-platform] [restartedMain] j.LocalContainerEntityManagerFactoryBean : Closing JPA EntityManagerFactory for persistence unit 'default'
2025-10-14T09:26:55.411+08:00  INFO 16312 --- [api-platform] [restartedMain] o.apache.catalina.core.StandardService   : Stopping service [Tomcat]
2025-10-14T09:26:55.603+08:00  INFO 16312 --- [api-platform] [restartedMain] .s.b.a.l.ConditionEvaluationReportLogger : 

Error starting ApplicationContext. To display the condition evaluation report re-run your application with 'debug' enabled.
2025-10-14T09:26:55.667+08:00 ERROR 16312 --- [api-platform] [restartedMain] o.s.boot.SpringApplication               : Application run failed

org.springframework.beans.factory.UnsatisfiedDependencyException: Error creating bean with name 'dynamicQueryController' defined in file [D:\AIProject實作\APIPlatform\api-platform\target\classes\com\bank\apiplatform\controller\DynamicQueryController.class]: Unsatisfied dependency expressed through constructor parameter 0: Error creating bean with name 'dynamicQueryService' defined in file [D:\AIProject實作\APIPlatform\api-platform\target\classes\com\bank\apiplatform\service\DynamicQueryService.class]: Unsatisfied dependency expressed through constructor parameter 0: Error creating bean with name 'apiQueryConfigRepository' defined in com.bank.apiplatform.repository.ApiQueryConfigRepository defined in @EnableJpaRepositories declared on JpaRepositoriesRegistrar.EnableJpaRepositoriesConfiguration: Could not create query for public abstract java.lang.Object com.bank.apiplatform.repository.ApiQueryConfigRepository.orElseThrow(java.lang.String,boolean); Reason: Failed to create query for method public abstract java.lang.Object com.bank.apiplatform.repository.ApiQueryConfigRepository.orElseThrow(java.lang.String,boolean); No property 'orElseThrow' found for type 'ApiQueryConfig'
	at org.springframework.beans.factory.support.ConstructorResolver.createArgumentArray(ConstructorResolver.java:804) ~[spring-beans-6.2.11.jar:6.2.11]
	at org.springframework.beans.factory.support.ConstructorResolver.autowireConstructor(ConstructorResolver.java:240) ~[spring-beans-6.2.11.jar:6.2.11]
	at org.springframework.beans.factory.support.AbstractAutowireCapableBeanFactory.autowireConstructor(AbstractAutowireCapableBeanFactory.java:1395) ~[spring-beans-6.2.11.jar:6.2.11]
	at org.springframework.beans.factory.support.AbstractAutowireCapableBeanFactory.createBeanInstance(AbstractAutowireCapableBeanFactory.java:1232) ~[spring-beans-6.2.11.jar:6.2.11]
	at org.springframework.beans.factory.support.AbstractAutowireCapableBeanFactory.doCreateBean(AbstractAutowireCapableBeanFactory.java:569) ~[spring-beans-6.2.11.jar:6.2.11]
	at org.springframework.beans.factory.support.AbstractAutowireCapableBeanFactory.createBean(AbstractAutowireCapableBeanFactory.java:529) ~[spring-beans-6.2.11.jar:6.2.11]
	at org.springframework.beans.factory.support.AbstractBeanFactory.lambda$doGetBean$0(AbstractBeanFactory.java:339) ~[spring-beans-6.2.11.jar:6.2.11]
	at org.springframework.beans.factory.support.DefaultSingletonBeanRegistry.getSingleton(DefaultSingletonBeanRegistry.java:373) ~[spring-beans-6.2.11.jar:6.2.11]
	at org.springframework.beans.factory.support.AbstractBeanFactory.doGetBean(AbstractBeanFactory.java:337) ~[spring-beans-6.2.11.jar:6.2.11]
	at org.springframework.beans.factory.support.AbstractBeanFactory.getBean(AbstractBeanFactory.java:202) ~[spring-beans-6.2.11.jar:6.2.11]
	at org.springframework.beans.factory.support.DefaultListableBeanFactory.instantiateSingleton(DefaultListableBeanFactory.java:1221) ~[spring-beans-6.2.11.jar:6.2.11]
	at org.springframework.beans.factory.support.DefaultListableBeanFactory.preInstantiateSingleton(DefaultListableBeanFactory.java:1187) ~[spring-beans-6.2.11.jar:6.2.11]
	at org.springframework.beans.factory.support.DefaultListableBeanFactory.preInstantiateSingletons(DefaultListableBeanFactory.java:1123) ~[spring-beans-6.2.11.jar:6.2.11]
	at org.springframework.context.support.AbstractApplicationContext.finishBeanFactoryInitialization(AbstractApplicationContext.java:987) ~[spring-context-6.2.11.jar:6.2.11]
	at org.springframework.context.support.AbstractApplicationContext.refresh(AbstractApplicationContext.java:627) ~[spring-context-6.2.11.jar:6.2.11]
	at org.springframework.boot.web.servlet.context.ServletWebServerApplicationContext.refresh(ServletWebServerApplicationContext.java:146) ~[spring-boot-3.5.6.jar:3.5.6]
	at org.springframework.boot.SpringApplication.refresh(SpringApplication.java:752) ~[spring-boot-3.5.6.jar:3.5.6]
	at org.springframework.boot.SpringApplication.refreshContext(SpringApplication.java:439) ~[spring-boot-3.5.6.jar:3.5.6]
	at org.springframework.boot.SpringApplication.run(SpringApplication.java:318) ~[spring-boot-3.5.6.jar:3.5.6]
	at org.springframework.boot.SpringApplication.run(SpringApplication.java:1361) ~[spring-boot-3.5.6.jar:3.5.6]
	at org.springframework.boot.SpringApplication.run(SpringApplication.java:1350) ~[spring-boot-3.5.6.jar:3.5.6]
	at com.bank.apiplatform.ApiPlatformApplication.main(ApiPlatformApplication.java:18) ~[classes/:na]
	at java.base/jdk.internal.reflect.NativeMethodAccessorImpl.invoke0(Native Method) ~[na:na]
	at java.base/jdk.internal.reflect.NativeMethodAccessorImpl.invoke(NativeMethodAccessorImpl.java:77) ~[na:na]
	at java.base/jdk.internal.reflect.DelegatingMethodAccessorImpl.invoke(DelegatingMethodAccessorImpl.java:43) ~[na:na]
	at java.base/java.lang.reflect.Method.invoke(Method.java:569) ~[na:na]
	at org.springframework.boot.devtools.restart.RestartLauncher.run(RestartLauncher.java:50) ~[spring-boot-devtools-3.5.6.jar:3.5.6]
Caused by: org.springframework.beans.factory.UnsatisfiedDependencyException: Error creating bean with name 'dynamicQueryService' defined in file [D:\AIProject實作\APIPlatform\api-platform\target\classes\com\bank\apiplatform\service\DynamicQueryService.class]: Unsatisfied dependency expressed through constructor parameter 0: Error creating bean with name 'apiQueryConfigRepository' defined in com.bank.apiplatform.repository.ApiQueryConfigRepository defined in @EnableJpaRepositories declared on JpaRepositoriesRegistrar.EnableJpaRepositoriesConfiguration: Could not create query for public abstract java.lang.Object com.bank.apiplatform.repository.ApiQueryConfigRepository.orElseThrow(java.lang.String,boolean); Reason: Failed to create query for method public abstract java.lang.Object com.bank.apiplatform.repository.ApiQueryConfigRepository.orElseThrow(java.lang.String,boolean); No property 'orElseThrow' found for type 'ApiQueryConfig'
	at org.springframework.beans.factory.support.ConstructorResolver.createArgumentArray(ConstructorResolver.java:804) ~[spring-beans-6.2.11.jar:6.2.11]
	at org.springframework.beans.factory.support.ConstructorResolver.autowireConstructor(ConstructorResolver.java:240) ~[spring-beans-6.2.11.jar:6.2.11]
	at org.springframework.beans.factory.support.AbstractAutowireCapableBeanFactory.autowireConstructor(AbstractAutowireCapableBeanFactory.java:1395) ~[spring-beans-6.2.11.jar:6.2.11]
	at org.springframework.beans.factory.support.AbstractAutowireCapableBeanFactory.createBeanInstance(AbstractAutowireCapableBeanFactory.java:1232) ~[spring-beans-6.2.11.jar:6.2.11]
	at org.springframework.beans.factory.support.AbstractAutowireCapableBeanFactory.doCreateBean(AbstractAutowireCapableBeanFactory.java:569) ~[spring-beans-6.2.11.jar:6.2.11]
	at org.springframework.beans.factory.support.AbstractAutowireCapableBeanFactory.createBean(AbstractAutowireCapableBeanFactory.java:529) ~[spring-beans-6.2.11.jar:6.2.11]
	at org.springframework.beans.factory.support.AbstractBeanFactory.lambda$doGetBean$0(AbstractBeanFactory.java:339) ~[spring-beans-6.2.11.jar:6.2.11]
	at org.springframework.beans.factory.support.DefaultSingletonBeanRegistry.getSingleton(DefaultSingletonBeanRegistry.java:373) ~[spring-beans-6.2.11.jar:6.2.11]
	at org.springframework.beans.factory.support.AbstractBeanFactory.doGetBean(AbstractBeanFactory.java:337) ~[spring-beans-6.2.11.jar:6.2.11]
	at org.springframework.beans.factory.support.AbstractBeanFactory.getBean(AbstractBeanFactory.java:202) ~[spring-beans-6.2.11.jar:6.2.11]
	at org.springframework.beans.factory.support.DefaultListableBeanFactory.doResolveDependency(DefaultListableBeanFactory.java:1698) ~[spring-beans-6.2.11.jar:6.2.11]
	at org.springframework.beans.factory.support.DefaultListableBeanFactory.resolveDependency(DefaultListableBeanFactory.java:1643) ~[spring-beans-6.2.11.jar:6.2.11]
	at org.springframework.beans.factory.support.ConstructorResolver.resolveAutowiredArgument(ConstructorResolver.java:913) ~[spring-beans-6.2.11.jar:6.2.11]
	at org.springframework.beans.factory.support.ConstructorResolver.createArgumentArray(ConstructorResolver.java:791) ~[spring-beans-6.2.11.jar:6.2.11]
	... 26 common frames omitted
Caused by: org.springframework.beans.factory.BeanCreationException: Error creating bean with name 'apiQueryConfigRepository' defined in com.bank.apiplatform.repository.ApiQueryConfigRepository defined in @EnableJpaRepositories declared on JpaRepositoriesRegistrar.EnableJpaRepositoriesConfiguration: Could not create query for public abstract java.lang.Object com.bank.apiplatform.repository.ApiQueryConfigRepository.orElseThrow(java.lang.String,boolean); Reason: Failed to create query for method public abstract java.lang.Object com.bank.apiplatform.repository.ApiQueryConfigRepository.orElseThrow(java.lang.String,boolean); No property 'orElseThrow' found for type 'ApiQueryConfig'
	at org.springframework.beans.factory.support.AbstractAutowireCapableBeanFactory.initializeBean(AbstractAutowireCapableBeanFactory.java:1826) ~[spring-beans-6.2.11.jar:6.2.11]
	at org.springframework.beans.factory.support.AbstractAutowireCapableBeanFactory.doCreateBean(AbstractAutowireCapableBeanFactory.java:607) ~[spring-beans-6.2.11.jar:6.2.11]
	at org.springframework.beans.factory.support.AbstractAutowireCapableBeanFactory.createBean(AbstractAutowireCapableBeanFactory.java:529) ~[spring-beans-6.2.11.jar:6.2.11]
	at org.springframework.beans.factory.support.AbstractBeanFactory.lambda$doGetBean$0(AbstractBeanFactory.java:339) ~[spring-beans-6.2.11.jar:6.2.11]
	at org.springframework.beans.factory.support.DefaultSingletonBeanRegistry.getSingleton(DefaultSingletonBeanRegistry.java:373) ~[spring-beans-6.2.11.jar:6.2.11]
	at org.springframework.beans.factory.support.AbstractBeanFactory.doGetBean(AbstractBeanFactory.java:337) ~[spring-beans-6.2.11.jar:6.2.11]
	at org.springframework.beans.factory.support.AbstractBeanFactory.getBean(AbstractBeanFactory.java:202) ~[spring-beans-6.2.11.jar:6.2.11]
	at org.springframework.beans.factory.config.DependencyDescriptor.resolveCandidate(DependencyDescriptor.java:254) ~[spring-beans-6.2.11.jar:6.2.11]
	at org.springframework.beans.factory.support.DefaultListableBeanFactory.doResolveDependency(DefaultListableBeanFactory.java:1760) ~[spring-beans-6.2.11.jar:6.2.11]
	at org.springframework.beans.factory.support.DefaultListableBeanFactory.resolveDependency(DefaultListableBeanFactory.java:1643) ~[spring-beans-6.2.11.jar:6.2.11]
	at org.springframework.beans.factory.support.ConstructorResolver.resolveAutowiredArgument(ConstructorResolver.java:913) ~[spring-beans-6.2.11.jar:6.2.11]
	at org.springframework.beans.factory.support.ConstructorResolver.createArgumentArray(ConstructorResolver.java:791) ~[spring-beans-6.2.11.jar:6.2.11]
	... 39 common frames omitted
Caused by: org.springframework.data.repository.query.QueryCreationException: Could not create query for public abstract java.lang.Object com.bank.apiplatform.repository.ApiQueryConfigRepository.orElseThrow(java.lang.String,boolean); Reason: Failed to create query for method public abstract java.lang.Object com.bank.apiplatform.repository.ApiQueryConfigRepository.orElseThrow(java.lang.String,boolean); No property 'orElseThrow' found for type 'ApiQueryConfig'
	at org.springframework.data.repository.query.QueryCreationException.create(QueryCreationException.java:101) ~[spring-data-commons-3.5.4.jar:3.5.4]
	at org.springframework.data.repository.core.support.QueryExecutorMethodInterceptor.lookupQuery(QueryExecutorMethodInterceptor.java:120) ~[spring-data-commons-3.5.4.jar:3.5.4]
	at org.springframework.data.repository.core.support.QueryExecutorMethodInterceptor.mapMethodsToQuery(QueryExecutorMethodInterceptor.java:104) ~[spring-data-commons-3.5.4.jar:3.5.4]
	at org.springframework.data.repository.core.support.QueryExecutorMethodInterceptor.lambda$new$0(QueryExecutorMethodInterceptor.java:92) ~[spring-data-commons-3.5.4.jar:3.5.4]
	at java.base/java.util.Optional.map(Optional.java:260) ~[na:na]
	at org.springframework.data.repository.core.support.QueryExecutorMethodInterceptor.<init>(QueryExecutorMethodInterceptor.java:92) ~[spring-data-commons-3.5.4.jar:3.5.4]
	at org.springframework.data.repository.core.support.RepositoryFactorySupport.getRepository(RepositoryFactorySupport.java:434) ~[spring-data-commons-3.5.4.jar:3.5.4]
	at org.springframework.data.repository.core.support.RepositoryFactoryBeanSupport.lambda$afterPropertiesSet$4(RepositoryFactoryBeanSupport.java:350) ~[spring-data-commons-3.5.4.jar:3.5.4]
	at org.springframework.data.util.Lazy.getNullable(Lazy.java:135) ~[spring-data-commons-3.5.4.jar:3.5.4]
	at org.springframework.data.util.Lazy.get(Lazy.java:113) ~[spring-data-commons-3.5.4.jar:3.5.4]
	at org.springframework.data.repository.core.support.RepositoryFactoryBeanSupport.afterPropertiesSet(RepositoryFactoryBeanSupport.java:356) ~[spring-data-commons-3.5.4.jar:3.5.4]
	at org.springframework.data.jpa.repository.support.JpaRepositoryFactoryBean.afterPropertiesSet(JpaRepositoryFactoryBean.java:132) ~[spring-data-jpa-3.5.4.jar:3.5.4]
	at org.springframework.beans.factory.support.AbstractAutowireCapableBeanFactory.invokeInitMethods(AbstractAutowireCapableBeanFactory.java:1873) ~[spring-beans-6.2.11.jar:6.2.11]
	at org.springframework.beans.factory.support.AbstractAutowireCapableBeanFactory.initializeBean(AbstractAutowireCapableBeanFactory.java:1822) ~[spring-beans-6.2.11.jar:6.2.11]
	... 50 common frames omitted
Caused by: java.lang.IllegalArgumentException: Failed to create query for method public abstract java.lang.Object com.bank.apiplatform.repository.ApiQueryConfigRepository.orElseThrow(java.lang.String,boolean); No property 'orElseThrow' found for type 'ApiQueryConfig'
	at org.springframework.data.jpa.repository.query.PartTreeJpaQuery.<init>(PartTreeJpaQuery.java:107) ~[spring-data-jpa-3.5.4.jar:3.5.4]
	at org.springframework.data.jpa.repository.query.JpaQueryLookupStrategy$CreateQueryLookupStrategy.resolveQuery(JpaQueryLookupStrategy.java:128) ~[spring-data-jpa-3.5.4.jar:3.5.4]
	at org.springframework.data.jpa.repository.query.JpaQueryLookupStrategy$CreateIfNotFoundQueryLookupStrategy.resolveQuery(JpaQueryLookupStrategy.java:260) ~[spring-data-jpa-3.5.4.jar:3.5.4]
	at org.springframework.data.jpa.repository.query.JpaQueryLookupStrategy$AbstractQueryLookupStrategy.resolveQuery(JpaQueryLookupStrategy.java:99) ~[spring-data-jpa-3.5.4.jar:3.5.4]
	at org.springframework.data.repository.core.support.QueryExecutorMethodInterceptor.lookupQuery(QueryExecutorMethodInterceptor.java:116) ~[spring-data-commons-3.5.4.jar:3.5.4]
	... 62 common frames omitted
Caused by: org.springframework.data.mapping.PropertyReferenceException: No property 'orElseThrow' found for type 'ApiQueryConfig'
	at org.springframework.data.mapping.PropertyPath.<init>(PropertyPath.java:94) ~[spring-data-commons-3.5.4.jar:3.5.4]
	at org.springframework.data.mapping.PropertyPath.create(PropertyPath.java:455) ~[spring-data-commons-3.5.4.jar:3.5.4]
	at org.springframework.data.mapping.PropertyPath.create(PropertyPath.java:431) ~[spring-data-commons-3.5.4.jar:3.5.4]
	at org.springframework.data.mapping.PropertyPath.lambda$from$0(PropertyPath.java:384) ~[spring-data-commons-3.5.4.jar:3.5.4]
	at java.base/java.util.concurrent.ConcurrentMap.computeIfAbsent(ConcurrentMap.java:330) ~[na:na]
	at org.springframework.data.mapping.PropertyPath.from(PropertyPath.java:366) ~[spring-data-commons-3.5.4.jar:3.5.4]
	at org.springframework.data.mapping.PropertyPath.from(PropertyPath.java:344) ~[spring-data-commons-3.5.4.jar:3.5.4]
	at org.springframework.data.repository.query.parser.Part.<init>(Part.java:81) ~[spring-data-commons-3.5.4.jar:3.5.4]
	at org.springframework.data.repository.query.parser.PartTree$OrPart.lambda$new$0(PartTree.java:259) ~[spring-data-commons-3.5.4.jar:3.5.4]
	at java.base/java.util.stream.ReferencePipeline$3$1.accept(ReferencePipeline.java:197) ~[na:na]
	at java.base/java.util.stream.ReferencePipeline$2$1.accept(ReferencePipeline.java:179) ~[na:na]
	at java.base/java.util.Spliterators$ArraySpliterator.forEachRemaining(Spliterators.java:992) ~[na:na]
	at java.base/java.util.stream.AbstractPipeline.copyInto(AbstractPipeline.java:509) ~[na:na]
	at java.base/java.util.stream.AbstractPipeline.wrapAndCopyInto(AbstractPipeline.java:499) ~[na:na]
	at java.base/java.util.stream.ReduceOps$ReduceOp.evaluateSequential(ReduceOps.java:921) ~[na:na]
	at java.base/java.util.stream.AbstractPipeline.evaluate(AbstractPipeline.java:234) ~[na:na]
	at java.base/java.util.stream.ReferencePipeline.collect(ReferencePipeline.java:682) ~[na:na]
	at org.springframework.data.repository.query.parser.PartTree$OrPart.<init>(PartTree.java:260) ~[spring-data-commons-3.5.4.jar:3.5.4]
	at org.springframework.data.repository.query.parser.PartTree$Predicate.lambda$new$0(PartTree.java:389) ~[spring-data-commons-3.5.4.jar:3.5.4]
	at java.base/java.util.stream.ReferencePipeline$3$1.accept(ReferencePipeline.java:197) ~[na:na]
	at java.base/java.util.stream.ReferencePipeline$2$1.accept(ReferencePipeline.java:179) ~[na:na]
	at java.base/java.util.Spliterators$ArraySpliterator.forEachRemaining(Spliterators.java:992) ~[na:na]
	at java.base/java.util.stream.AbstractPipeline.copyInto(AbstractPipeline.java:509) ~[na:na]
	at java.base/java.util.stream.AbstractPipeline.wrapAndCopyInto(AbstractPipeline.java:499) ~[na:na]
	at java.base/java.util.stream.ReduceOps$ReduceOp.evaluateSequential(ReduceOps.java:921) ~[na:na]
	at java.base/java.util.stream.AbstractPipeline.evaluate(AbstractPipeline.java:234) ~[na:na]
	at java.base/java.util.stream.ReferencePipeline.collect(ReferencePipeline.java:682) ~[na:na]
	at org.springframework.data.repository.query.parser.PartTree$Predicate.<init>(PartTree.java:390) ~[spring-data-commons-3.5.4.jar:3.5.4]
	at org.springframework.data.repository.query.parser.PartTree.<init>(PartTree.java:100) ~[spring-data-commons-3.5.4.jar:3.5.4]
	at org.springframework.data.jpa.repository.query.PartTreeJpaQuery.<init>(PartTreeJpaQuery.java:101) ~[spring-data-jpa-3.5.4.jar:3.5.4]
	... 66 common frames omitted

2025-10-14T09:40:29.594+08:00  INFO 2208 --- [api-platform] [restartedMain] c.b.apiplatform.ApiPlatformApplication   : Starting ApiPlatformApplication using Java 17.0.16 with PID 2208 (D:\AIProject實作\APIPlatform\api-platform\target\classes started by Achilles in D:\AIProject實作\APIPlatform\api-platform)
2025-10-14T09:40:29.599+08:00 DEBUG 2208 --- [api-platform] [restartedMain] c.b.apiplatform.ApiPlatformApplication   : Running with Spring Boot v3.5.6, Spring v6.2.11
2025-10-14T09:40:29.600+08:00  INFO 2208 --- [api-platform] [restartedMain] c.b.apiplatform.ApiPlatformApplication   : No active profile set, falling back to 1 default profile: "default"
2025-10-14T09:40:29.680+08:00  INFO 2208 --- [api-platform] [restartedMain] o.s.b.devtools.restart.ChangeableUrls    : The Class-Path manifest attribute in C:\Users\Achilles\.m2\repository\com\oracle\database\jdbc\ojdbc11\21.9.0.0\ojdbc11-21.9.0.0.jar referenced one or more files that do not exist: file:/C:/Users/Achilles/.m2/repository/com/oracle/database/jdbc/ojdbc11/21.9.0.0/oraclepki.jar
2025-10-14T09:40:29.680+08:00  INFO 2208 --- [api-platform] [restartedMain] .e.DevToolsPropertyDefaultsPostProcessor : Devtools property defaults active! Set 'spring.devtools.add-properties' to 'false' to disable
2025-10-14T09:40:29.680+08:00  INFO 2208 --- [api-platform] [restartedMain] .e.DevToolsPropertyDefaultsPostProcessor : For additional web related logging consider setting the 'logging.level.web' property to 'DEBUG'
2025-10-14T09:40:31.566+08:00  INFO 2208 --- [api-platform] [restartedMain] .s.d.r.c.RepositoryConfigurationDelegate : Bootstrapping Spring Data JPA repositories in DEFAULT mode.
2025-10-14T09:40:31.701+08:00  INFO 2208 --- [api-platform] [restartedMain] .s.d.r.c.RepositoryConfigurationDelegate : Finished Spring Data repository scanning in 114 ms. Found 6 JPA repository interfaces.
2025-10-14T09:40:33.132+08:00  INFO 2208 --- [api-platform] [restartedMain] o.s.b.w.embedded.tomcat.TomcatWebServer  : Tomcat initialized with port 8080 (http)
2025-10-14T09:40:33.171+08:00  INFO 2208 --- [api-platform] [restartedMain] o.apache.catalina.core.StandardService   : Starting service [Tomcat]
2025-10-14T09:40:33.171+08:00  INFO 2208 --- [api-platform] [restartedMain] o.apache.catalina.core.StandardEngine    : Starting Servlet engine: [Apache Tomcat/10.1.46]
2025-10-14T09:40:33.297+08:00  INFO 2208 --- [api-platform] [restartedMain] o.a.c.c.C.[Tomcat].[localhost].[/]       : Initializing Spring embedded WebApplicationContext
2025-10-14T09:40:33.297+08:00  INFO 2208 --- [api-platform] [restartedMain] w.s.c.ServletWebServerApplicationContext : Root WebApplicationContext: initialization completed in 3616 ms
2025-10-14T09:40:33.626+08:00  INFO 2208 --- [api-platform] [restartedMain] o.hibernate.jpa.internal.util.LogHelper  : HHH000204: Processing PersistenceUnitInfo [name: default]
2025-10-14T09:40:33.781+08:00  INFO 2208 --- [api-platform] [restartedMain] org.hibernate.Version                    : HHH000412: Hibernate ORM core version 6.6.29.Final
2025-10-14T09:40:33.891+08:00  INFO 2208 --- [api-platform] [restartedMain] o.h.c.internal.RegionFactoryInitiator    : HHH000026: Second-level cache disabled
2025-10-14T09:40:34.217+08:00  INFO 2208 --- [api-platform] [restartedMain] o.s.o.j.p.SpringPersistenceUnitInfo      : No LoadTimeWeaver setup: ignoring JPA class transformer
2025-10-14T09:40:34.235+08:00  WARN 2208 --- [api-platform] [restartedMain] org.hibernate.orm.deprecation            : HHH90000021: Encountered deprecated setting [hibernate.temp.use_jdbc_metadata_defaults], use [hibernate.boot.allow_jdbc_metadata_access] instead
2025-10-14T09:40:34.255+08:00  WARN 2208 --- [api-platform] [restartedMain] org.hibernate.orm.deprecation            : HHH90000025: SQLServerDialect does not need to be specified explicitly using 'hibernate.dialect' (remove the property setting and it will be selected by default)
2025-10-14T09:40:34.282+08:00  INFO 2208 --- [api-platform] [restartedMain] org.hibernate.orm.connections.pooling    : HHH10001005: Database info:
	Database JDBC URL [undefined/unknown]
	Database driver: undefined/unknown
	Database version: 11.0
	Autocommit mode: undefined/unknown
	Isolation level: <unknown>
	Minimum pool size: undefined/unknown
	Maximum pool size: undefined/unknown
2025-10-14T09:40:35.408+08:00  INFO 2208 --- [api-platform] [restartedMain] o.h.e.t.j.p.i.JtaPlatformInitiator       : HHH000489: No JTA platform available (set 'hibernate.transaction.jta.platform' to enable JTA platform integration)
2025-10-14T09:40:35.411+08:00  INFO 2208 --- [api-platform] [restartedMain] j.LocalContainerEntityManagerFactoryBean : Initialized JPA EntityManagerFactory for persistence unit 'default'
2025-10-14T09:40:35.750+08:00  INFO 2208 --- [api-platform] [restartedMain] o.s.d.j.r.query.QueryEnhancerFactory     : Hibernate is in classpath; If applicable, HQL parser will be used.
2025-10-14T09:40:36.665+08:00 DEBUG 2208 --- [api-platform] [restartedMain] c.b.apiplatform.filter.ApiKeyAuthFilter  : Filter 'apiKeyFilter' configured for use
2025-10-14T09:40:38.333+08:00  INFO 2208 --- [api-platform] [restartedMain] o.s.b.d.a.OptionalLiveReloadServer       : LiveReload server is running on port 35729
2025-10-14T09:40:38.347+08:00  INFO 2208 --- [api-platform] [restartedMain] o.s.b.a.e.web.EndpointLinksResolver      : Exposing 3 endpoints beneath base path '/actuator'
2025-10-14T09:40:38.537+08:00  INFO 2208 --- [api-platform] [restartedMain] o.s.b.w.embedded.tomcat.TomcatWebServer  : Tomcat started on port 8080 (http) with context path '/'
2025-10-14T09:40:38.565+08:00  INFO 2208 --- [api-platform] [restartedMain] c.b.apiplatform.ApiPlatformApplication   : Started ApiPlatformApplication in 9.591 seconds (process running for 10.102)
2025-10-14T09:40:55.178+08:00  INFO 2208 --- [api-platform] [http-nio-8080-exec-1] o.a.c.c.C.[Tomcat].[localhost].[/]       : Initializing Spring DispatcherServlet 'dispatcherServlet'
2025-10-14T09:40:55.178+08:00  INFO 2208 --- [api-platform] [http-nio-8080-exec-1] o.s.web.servlet.DispatcherServlet        : Initializing Servlet 'dispatcherServlet'
2025-10-14T09:40:55.180+08:00  INFO 2208 --- [api-platform] [http-nio-8080-exec-1] o.s.web.servlet.DispatcherServlet        : Completed initialization in 2 ms
2025-10-14T09:40:55.214+08:00 ERROR 2208 --- [api-platform] [http-nio-8080-exec-1] c.b.a.exception.GlobalExceptionHandler   : 系統例外：

org.springframework.web.servlet.resource.NoResourceFoundException: No static resource swagger-ui.
	at org.springframework.web.servlet.resource.ResourceHttpRequestHandler.handleRequest(ResourceHttpRequestHandler.java:585) ~[spring-webmvc-6.2.11.jar:6.2.11]
	at org.springframework.web.servlet.mvc.HttpRequestHandlerAdapter.handle(HttpRequestHandlerAdapter.java:52) ~[spring-webmvc-6.2.11.jar:6.2.11]
	at org.springframework.web.servlet.DispatcherServlet.doDispatch(DispatcherServlet.java:1089) ~[spring-webmvc-6.2.11.jar:6.2.11]
	at org.springframework.web.servlet.DispatcherServlet.doService(DispatcherServlet.java:979) ~[spring-webmvc-6.2.11.jar:6.2.11]
	at org.springframework.web.servlet.FrameworkServlet.processRequest(FrameworkServlet.java:1014) ~[spring-webmvc-6.2.11.jar:6.2.11]
	at org.springframework.web.servlet.FrameworkServlet.doGet(FrameworkServlet.java:903) ~[spring-webmvc-6.2.11.jar:6.2.11]
	at jakarta.servlet.http.HttpServlet.service(HttpServlet.java:564) ~[tomcat-embed-core-10.1.46.jar:6.0]
	at org.springframework.web.servlet.FrameworkServlet.service(FrameworkServlet.java:885) ~[spring-webmvc-6.2.11.jar:6.2.11]
	at jakarta.servlet.http.HttpServlet.service(HttpServlet.java:658) ~[tomcat-embed-core-10.1.46.jar:6.0]
	at org.apache.catalina.core.ApplicationFilterChain.internalDoFilter(ApplicationFilterChain.java:195) ~[tomcat-embed-core-10.1.46.jar:10.1.46]
	at org.apache.catalina.core.ApplicationFilterChain.doFilter(ApplicationFilterChain.java:140) ~[tomcat-embed-core-10.1.46.jar:10.1.46]
	at org.apache.tomcat.websocket.server.WsFilter.doFilter(WsFilter.java:51) ~[tomcat-embed-websocket-10.1.46.jar:10.1.46]
	at org.apache.catalina.core.ApplicationFilterChain.internalDoFilter(ApplicationFilterChain.java:164) ~[tomcat-embed-core-10.1.46.jar:10.1.46]
	at org.apache.catalina.core.ApplicationFilterChain.doFilter(ApplicationFilterChain.java:140) ~[tomcat-embed-core-10.1.46.jar:10.1.46]
	at org.springframework.web.filter.RequestContextFilter.doFilterInternal(RequestContextFilter.java:100) ~[spring-web-6.2.11.jar:6.2.11]
	at org.springframework.web.filter.OncePerRequestFilter.doFilter(OncePerRequestFilter.java:116) ~[spring-web-6.2.11.jar:6.2.11]
	at org.apache.catalina.core.ApplicationFilterChain.internalDoFilter(ApplicationFilterChain.java:164) ~[tomcat-embed-core-10.1.46.jar:10.1.46]
	at org.apache.catalina.core.ApplicationFilterChain.doFilter(ApplicationFilterChain.java:140) ~[tomcat-embed-core-10.1.46.jar:10.1.46]
	at org.springframework.web.filter.FormContentFilter.doFilterInternal(FormContentFilter.java:93) ~[spring-web-6.2.11.jar:6.2.11]
	at org.springframework.web.filter.OncePerRequestFilter.doFilter(OncePerRequestFilter.java:116) ~[spring-web-6.2.11.jar:6.2.11]
	at org.apache.catalina.core.ApplicationFilterChain.internalDoFilter(ApplicationFilterChain.java:164) ~[tomcat-embed-core-10.1.46.jar:10.1.46]
	at org.apache.catalina.core.ApplicationFilterChain.doFilter(ApplicationFilterChain.java:140) ~[tomcat-embed-core-10.1.46.jar:10.1.46]
	at org.springframework.web.filter.ServerHttpObservationFilter.doFilterInternal(ServerHttpObservationFilter.java:110) ~[spring-web-6.2.11.jar:6.2.11]
	at org.springframework.web.filter.OncePerRequestFilter.doFilter(OncePerRequestFilter.java:116) ~[spring-web-6.2.11.jar:6.2.11]
	at org.apache.catalina.core.ApplicationFilterChain.internalDoFilter(ApplicationFilterChain.java:164) ~[tomcat-embed-core-10.1.46.jar:10.1.46]
	at org.apache.catalina.core.ApplicationFilterChain.doFilter(ApplicationFilterChain.java:140) ~[tomcat-embed-core-10.1.46.jar:10.1.46]
	at org.springframework.web.filter.CharacterEncodingFilter.doFilterInternal(CharacterEncodingFilter.java:201) ~[spring-web-6.2.11.jar:6.2.11]
	at org.springframework.web.filter.OncePerRequestFilter.doFilter(OncePerRequestFilter.java:116) ~[spring-web-6.2.11.jar:6.2.11]
	at org.apache.catalina.core.ApplicationFilterChain.internalDoFilter(ApplicationFilterChain.java:164) ~[tomcat-embed-core-10.1.46.jar:10.1.46]
	at org.apache.catalina.core.ApplicationFilterChain.doFilter(ApplicationFilterChain.java:140) ~[tomcat-embed-core-10.1.46.jar:10.1.46]
	at org.apache.catalina.core.StandardWrapperValve.invoke(StandardWrapperValve.java:167) ~[tomcat-embed-core-10.1.46.jar:10.1.46]
	at org.apache.catalina.core.StandardContextValve.invoke(StandardContextValve.java:90) ~[tomcat-embed-core-10.1.46.jar:10.1.46]
	at org.apache.catalina.authenticator.AuthenticatorBase.invoke(AuthenticatorBase.java:483) ~[tomcat-embed-core-10.1.46.jar:10.1.46]
	at org.apache.catalina.core.StandardHostValve.invoke(StandardHostValve.java:116) ~[tomcat-embed-core-10.1.46.jar:10.1.46]
	at org.apache.catalina.valves.ErrorReportValve.invoke(ErrorReportValve.java:93) ~[tomcat-embed-core-10.1.46.jar:10.1.46]
	at org.apache.catalina.core.StandardEngineValve.invoke(StandardEngineValve.java:74) ~[tomcat-embed-core-10.1.46.jar:10.1.46]
	at org.apache.catalina.connector.CoyoteAdapter.service(CoyoteAdapter.java:344) ~[tomcat-embed-core-10.1.46.jar:10.1.46]
	at org.apache.coyote.http11.Http11Processor.service(Http11Processor.java:398) ~[tomcat-embed-core-10.1.46.jar:10.1.46]
	at org.apache.coyote.AbstractProcessorLight.process(AbstractProcessorLight.java:63) ~[tomcat-embed-core-10.1.46.jar:10.1.46]
	at org.apache.coyote.AbstractProtocol$ConnectionHandler.process(AbstractProtocol.java:903) ~[tomcat-embed-core-10.1.46.jar:10.1.46]
	at org.apache.tomcat.util.net.NioEndpoint$SocketProcessor.doRun(NioEndpoint.java:1776) ~[tomcat-embed-core-10.1.46.jar:10.1.46]
	at org.apache.tomcat.util.net.SocketProcessorBase.run(SocketProcessorBase.java:52) ~[tomcat-embed-core-10.1.46.jar:10.1.46]
	at org.apache.tomcat.util.threads.ThreadPoolExecutor.runWorker(ThreadPoolExecutor.java:975) ~[tomcat-embed-core-10.1.46.jar:10.1.46]
	at org.apache.tomcat.util.threads.ThreadPoolExecutor$Worker.run(ThreadPoolExecutor.java:493) ~[tomcat-embed-core-10.1.46.jar:10.1.46]
	at org.apache.tomcat.util.threads.TaskThread$WrappingRunnable.run(TaskThread.java:63) ~[tomcat-embed-core-10.1.46.jar:10.1.46]
	at java.base/java.lang.Thread.run(Thread.java:840) ~[na:na]

2025-10-14T09:40:55.302+08:00  WARN 2208 --- [api-platform] [http-nio-8080-exec-1] .m.m.a.ExceptionHandlerExceptionResolver : Resolved [org.springframework.web.servlet.resource.NoResourceFoundException: No static resource swagger-ui.]
2025-10-14T09:40:55.371+08:00 ERROR 2208 --- [api-platform] [http-nio-8080-exec-2] c.b.a.exception.GlobalExceptionHandler   : 系統例外：

org.springframework.web.servlet.resource.NoResourceFoundException: No static resource favicon.ico.
	at org.springframework.web.servlet.resource.ResourceHttpRequestHandler.handleRequest(ResourceHttpRequestHandler.java:585) ~[spring-webmvc-6.2.11.jar:6.2.11]
	at org.springframework.web.servlet.mvc.HttpRequestHandlerAdapter.handle(HttpRequestHandlerAdapter.java:52) ~[spring-webmvc-6.2.11.jar:6.2.11]
	at org.springframework.web.servlet.DispatcherServlet.doDispatch(DispatcherServlet.java:1089) ~[spring-webmvc-6.2.11.jar:6.2.11]
	at org.springframework.web.servlet.DispatcherServlet.doService(DispatcherServlet.java:979) ~[spring-webmvc-6.2.11.jar:6.2.11]
	at org.springframework.web.servlet.FrameworkServlet.processRequest(FrameworkServlet.java:1014) ~[spring-webmvc-6.2.11.jar:6.2.11]
	at org.springframework.web.servlet.FrameworkServlet.doGet(FrameworkServlet.java:903) ~[spring-webmvc-6.2.11.jar:6.2.11]
	at jakarta.servlet.http.HttpServlet.service(HttpServlet.java:564) ~[tomcat-embed-core-10.1.46.jar:6.0]
	at org.springframework.web.servlet.FrameworkServlet.service(FrameworkServlet.java:885) ~[spring-webmvc-6.2.11.jar:6.2.11]
	at jakarta.servlet.http.HttpServlet.service(HttpServlet.java:658) ~[tomcat-embed-core-10.1.46.jar:6.0]
	at org.apache.catalina.core.ApplicationFilterChain.internalDoFilter(ApplicationFilterChain.java:195) ~[tomcat-embed-core-10.1.46.jar:10.1.46]
	at org.apache.catalina.core.ApplicationFilterChain.doFilter(ApplicationFilterChain.java:140) ~[tomcat-embed-core-10.1.46.jar:10.1.46]
	at org.apache.tomcat.websocket.server.WsFilter.doFilter(WsFilter.java:51) ~[tomcat-embed-websocket-10.1.46.jar:10.1.46]
	at org.apache.catalina.core.ApplicationFilterChain.internalDoFilter(ApplicationFilterChain.java:164) ~[tomcat-embed-core-10.1.46.jar:10.1.46]
	at org.apache.catalina.core.ApplicationFilterChain.doFilter(ApplicationFilterChain.java:140) ~[tomcat-embed-core-10.1.46.jar:10.1.46]
	at org.springframework.web.filter.RequestContextFilter.doFilterInternal(RequestContextFilter.java:100) ~[spring-web-6.2.11.jar:6.2.11]
	at org.springframework.web.filter.OncePerRequestFilter.doFilter(OncePerRequestFilter.java:116) ~[spring-web-6.2.11.jar:6.2.11]
	at org.apache.catalina.core.ApplicationFilterChain.internalDoFilter(ApplicationFilterChain.java:164) ~[tomcat-embed-core-10.1.46.jar:10.1.46]
	at org.apache.catalina.core.ApplicationFilterChain.doFilter(ApplicationFilterChain.java:140) ~[tomcat-embed-core-10.1.46.jar:10.1.46]
	at org.springframework.web.filter.FormContentFilter.doFilterInternal(FormContentFilter.java:93) ~[spring-web-6.2.11.jar:6.2.11]
	at org.springframework.web.filter.OncePerRequestFilter.doFilter(OncePerRequestFilter.java:116) ~[spring-web-6.2.11.jar:6.2.11]
	at org.apache.catalina.core.ApplicationFilterChain.internalDoFilter(ApplicationFilterChain.java:164) ~[tomcat-embed-core-10.1.46.jar:10.1.46]
	at org.apache.catalina.core.ApplicationFilterChain.doFilter(ApplicationFilterChain.java:140) ~[tomcat-embed-core-10.1.46.jar:10.1.46]
	at org.springframework.web.filter.ServerHttpObservationFilter.doFilterInternal(ServerHttpObservationFilter.java:110) ~[spring-web-6.2.11.jar:6.2.11]
	at org.springframework.web.filter.OncePerRequestFilter.doFilter(OncePerRequestFilter.java:116) ~[spring-web-6.2.11.jar:6.2.11]
	at org.apache.catalina.core.ApplicationFilterChain.internalDoFilter(ApplicationFilterChain.java:164) ~[tomcat-embed-core-10.1.46.jar:10.1.46]
	at org.apache.catalina.core.ApplicationFilterChain.doFilter(ApplicationFilterChain.java:140) ~[tomcat-embed-core-10.1.46.jar:10.1.46]
	at org.springframework.web.filter.CharacterEncodingFilter.doFilterInternal(CharacterEncodingFilter.java:201) ~[spring-web-6.2.11.jar:6.2.11]
	at org.springframework.web.filter.OncePerRequestFilter.doFilter(OncePerRequestFilter.java:116) ~[spring-web-6.2.11.jar:6.2.11]
	at org.apache.catalina.core.ApplicationFilterChain.internalDoFilter(ApplicationFilterChain.java:164) ~[tomcat-embed-core-10.1.46.jar:10.1.46]
	at org.apache.catalina.core.ApplicationFilterChain.doFilter(ApplicationFilterChain.java:140) ~[tomcat-embed-core-10.1.46.jar:10.1.46]
	at org.apache.catalina.core.StandardWrapperValve.invoke(StandardWrapperValve.java:167) ~[tomcat-embed-core-10.1.46.jar:10.1.46]
	at org.apache.catalina.core.StandardContextValve.invoke(StandardContextValve.java:90) ~[tomcat-embed-core-10.1.46.jar:10.1.46]
	at org.apache.catalina.authenticator.AuthenticatorBase.invoke(AuthenticatorBase.java:483) ~[tomcat-embed-core-10.1.46.jar:10.1.46]
	at org.apache.catalina.core.StandardHostValve.invoke(StandardHostValve.java:116) ~[tomcat-embed-core-10.1.46.jar:10.1.46]
	at org.apache.catalina.valves.ErrorReportValve.invoke(ErrorReportValve.java:93) ~[tomcat-embed-core-10.1.46.jar:10.1.46]
	at org.apache.catalina.core.StandardEngineValve.invoke(StandardEngineValve.java:74) ~[tomcat-embed-core-10.1.46.jar:10.1.46]
	at org.apache.catalina.connector.CoyoteAdapter.service(CoyoteAdapter.java:344) ~[tomcat-embed-core-10.1.46.jar:10.1.46]
	at org.apache.coyote.http11.Http11Processor.service(Http11Processor.java:398) ~[tomcat-embed-core-10.1.46.jar:10.1.46]
	at org.apache.coyote.AbstractProcessorLight.process(AbstractProcessorLight.java:63) ~[tomcat-embed-core-10.1.46.jar:10.1.46]
	at org.apache.coyote.AbstractProtocol$ConnectionHandler.process(AbstractProtocol.java:903) ~[tomcat-embed-core-10.1.46.jar:10.1.46]
	at org.apache.tomcat.util.net.NioEndpoint$SocketProcessor.doRun(NioEndpoint.java:1776) ~[tomcat-embed-core-10.1.46.jar:10.1.46]
	at org.apache.tomcat.util.net.SocketProcessorBase.run(SocketProcessorBase.java:52) ~[tomcat-embed-core-10.1.46.jar:10.1.46]
	at org.apache.tomcat.util.threads.ThreadPoolExecutor.runWorker(ThreadPoolExecutor.java:975) ~[tomcat-embed-core-10.1.46.jar:10.1.46]
	at org.apache.tomcat.util.threads.ThreadPoolExecutor$Worker.run(ThreadPoolExecutor.java:493) ~[tomcat-embed-core-10.1.46.jar:10.1.46]
	at org.apache.tomcat.util.threads.TaskThread$WrappingRunnable.run(TaskThread.java:63) ~[tomcat-embed-core-10.1.46.jar:10.1.46]
	at java.base/java.lang.Thread.run(Thread.java:840) ~[na:na]

2025-10-14T09:40:55.380+08:00  WARN 2208 --- [api-platform] [http-nio-8080-exec-2] .m.m.a.ExceptionHandlerExceptionResolver : Resolved [org.springframework.web.servlet.resource.NoResourceFoundException: No static resource favicon.ico.]
2025-10-14T09:41:05.241+08:00  INFO 2208 --- [api-platform] [http-nio-8080-exec-1] o.springdoc.api.AbstractOpenApiResource  : Init duration for springdoc-openapi is: 716 ms
2025-10-14T09:56:05.921+08:00  INFO 2208 --- [api-platform] [File Watcher] rtingClassPathChangeChangedEventListener : Restarting due to 11 class path changes (0 additions, 8 deletions, 3 modifications)
2025-10-14T09:56:05.928+08:00  INFO 2208 --- [api-platform] [Thread-5] o.s.b.w.e.tomcat.GracefulShutdown        : Commencing graceful shutdown. Waiting for active requests to complete
2025-10-14T09:56:06.094+08:00  INFO 2208 --- [api-platform] [tomcat-shutdown] o.s.b.w.e.tomcat.GracefulShutdown        : Graceful shutdown complete
2025-10-14T09:56:06.102+08:00  INFO 2208 --- [api-platform] [Thread-5] j.LocalContainerEntityManagerFactoryBean : Closing JPA EntityManagerFactory for persistence unit 'default'
2025-10-14T09:56:06.323+08:00  INFO 2208 --- [api-platform] [restartedMain] c.b.apiplatform.ApiPlatformApplication   : Starting ApiPlatformApplication using Java 17.0.16 with PID 2208 (D:\AIProject實作\APIPlatform\api-platform\target\classes started by Achilles in D:\AIProject實作\APIPlatform\api-platform)
2025-10-14T09:56:06.323+08:00 DEBUG 2208 --- [api-platform] [restartedMain] c.b.apiplatform.ApiPlatformApplication   : Running with Spring Boot v3.5.6, Spring v6.2.11
2025-10-14T09:56:06.323+08:00  INFO 2208 --- [api-platform] [restartedMain] c.b.apiplatform.ApiPlatformApplication   : No active profile set, falling back to 1 default profile: "default"
2025-10-14T09:56:06.656+08:00  INFO 2208 --- [api-platform] [restartedMain] .s.d.r.c.RepositoryConfigurationDelegate : Bootstrapping Spring Data JPA repositories in DEFAULT mode.
2025-10-14T09:56:06.692+08:00  INFO 2208 --- [api-platform] [restartedMain] .s.d.r.c.RepositoryConfigurationDelegate : Finished Spring Data repository scanning in 33 ms. Found 4 JPA repository interfaces.
2025-10-14T09:56:06.799+08:00  INFO 2208 --- [api-platform] [restartedMain] o.s.b.w.embedded.tomcat.TomcatWebServer  : Tomcat initialized with port 8080 (http)
2025-10-14T09:56:06.800+08:00  INFO 2208 --- [api-platform] [restartedMain] o.apache.catalina.core.StandardService   : Starting service [Tomcat]
2025-10-14T09:56:06.801+08:00  INFO 2208 --- [api-platform] [restartedMain] o.apache.catalina.core.StandardEngine    : Starting Servlet engine: [Apache Tomcat/10.1.46]
2025-10-14T09:56:06.832+08:00  INFO 2208 --- [api-platform] [restartedMain] o.a.c.c.C.[Tomcat].[localhost].[/]       : Initializing Spring embedded WebApplicationContext
2025-10-14T09:56:06.833+08:00  INFO 2208 --- [api-platform] [restartedMain] w.s.c.ServletWebServerApplicationContext : Root WebApplicationContext: initialization completed in 508 ms
2025-10-14T09:56:06.873+08:00  INFO 2208 --- [api-platform] [restartedMain] o.hibernate.jpa.internal.util.LogHelper  : HHH000204: Processing PersistenceUnitInfo [name: default]
2025-10-14T09:56:06.876+08:00  INFO 2208 --- [api-platform] [restartedMain] o.h.c.internal.RegionFactoryInitiator    : HHH000026: Second-level cache disabled
2025-10-14T09:56:06.892+08:00  INFO 2208 --- [api-platform] [restartedMain] o.s.o.j.p.SpringPersistenceUnitInfo      : No LoadTimeWeaver setup: ignoring JPA class transformer
2025-10-14T09:56:06.893+08:00  WARN 2208 --- [api-platform] [restartedMain] org.hibernate.orm.deprecation            : HHH90000021: Encountered deprecated setting [hibernate.temp.use_jdbc_metadata_defaults], use [hibernate.boot.allow_jdbc_metadata_access] instead
2025-10-14T09:56:06.894+08:00  WARN 2208 --- [api-platform] [restartedMain] org.hibernate.orm.deprecation            : HHH90000025: SQLServerDialect does not need to be specified explicitly using 'hibernate.dialect' (remove the property setting and it will be selected by default)
2025-10-14T09:56:06.894+08:00  INFO 2208 --- [api-platform] [restartedMain] org.hibernate.orm.connections.pooling    : HHH10001005: Database info:
	Database JDBC URL [undefined/unknown]
	Database driver: undefined/unknown
	Database version: 11.0
	Autocommit mode: undefined/unknown
	Isolation level: <unknown>
	Minimum pool size: undefined/unknown
	Maximum pool size: undefined/unknown
2025-10-14T09:56:07.019+08:00  INFO 2208 --- [api-platform] [restartedMain] o.h.e.t.j.p.i.JtaPlatformInitiator       : HHH000489: No JTA platform available (set 'hibernate.transaction.jta.platform' to enable JTA platform integration)
2025-10-14T09:56:07.020+08:00  INFO 2208 --- [api-platform] [restartedMain] j.LocalContainerEntityManagerFactoryBean : Initialized JPA EntityManagerFactory for persistence unit 'default'
2025-10-14T09:56:07.125+08:00 DEBUG 2208 --- [api-platform] [restartedMain] c.b.apiplatform.filter.ApiKeyAuthFilter  : Filter 'apiKeyFilter' configured for use
2025-10-14T09:56:07.354+08:00  INFO 2208 --- [api-platform] [restartedMain] o.s.b.d.a.OptionalLiveReloadServer       : LiveReload server is running on port 35729
2025-10-14T09:56:07.356+08:00  INFO 2208 --- [api-platform] [restartedMain] o.s.b.a.e.web.EndpointLinksResolver      : Exposing 3 endpoints beneath base path '/actuator'
2025-10-14T09:56:07.377+08:00  INFO 2208 --- [api-platform] [restartedMain] o.s.b.w.embedded.tomcat.TomcatWebServer  : Tomcat started on port 8080 (http) with context path '/'
2025-10-14T09:56:07.390+08:00  INFO 2208 --- [api-platform] [restartedMain] c.b.apiplatform.ApiPlatformApplication   : Started ApiPlatformApplication in 1.11 seconds (process running for 938.927)
2025-10-14T09:56:07.394+08:00  INFO 2208 --- [api-platform] [restartedMain] .ConditionEvaluationDeltaLoggingListener : Condition evaluation unchanged
2025-10-14T09:58:55.027+08:00  INFO 2208 --- [api-platform] [http-nio-8080-exec-1] o.a.c.c.C.[Tomcat].[localhost].[/]       : Initializing Spring DispatcherServlet 'dispatcherServlet'
2025-10-14T09:58:55.028+08:00  INFO 2208 --- [api-platform] [http-nio-8080-exec-1] o.s.web.servlet.DispatcherServlet        : Initializing Servlet 'dispatcherServlet'
2025-10-14T09:58:55.029+08:00  INFO 2208 --- [api-platform] [http-nio-8080-exec-1] o.s.web.servlet.DispatcherServlet        : Completed initialization in 1 ms
2025-10-14T09:58:55.433+08:00  INFO 2208 --- [api-platform] [http-nio-8080-exec-4] o.springdoc.api.AbstractOpenApiResource  : Init duration for springdoc-openapi is: 259 ms
2025-10-14T10:01:53.522+08:00  INFO 2208 --- [api-platform] [File Watcher] rtingClassPathChangeChangedEventListener : Restarting due to 11 class path changes (8 additions, 0 deletions, 3 modifications)
2025-10-14T10:01:53.526+08:00  INFO 2208 --- [api-platform] [Thread-7] o.s.b.w.e.tomcat.GracefulShutdown        : Commencing graceful shutdown. Waiting for active requests to complete
2025-10-14T10:01:53.658+08:00  INFO 2208 --- [api-platform] [tomcat-shutdown] o.s.b.w.e.tomcat.GracefulShutdown        : Graceful shutdown complete
2025-10-14T10:01:53.662+08:00  INFO 2208 --- [api-platform] [Thread-7] j.LocalContainerEntityManagerFactoryBean : Closing JPA EntityManagerFactory for persistence unit 'default'
2025-10-14T10:01:53.784+08:00  INFO 2208 --- [api-platform] [restartedMain] c.b.apiplatform.ApiPlatformApplication   : Starting ApiPlatformApplication using Java 17.0.16 with PID 2208 (D:\AIProject實作\APIPlatform\api-platform\target\classes started by Achilles in D:\AIProject實作\APIPlatform\api-platform)
2025-10-14T10:01:53.785+08:00 DEBUG 2208 --- [api-platform] [restartedMain] c.b.apiplatform.ApiPlatformApplication   : Running with Spring Boot v3.5.6, Spring v6.2.11
2025-10-14T10:01:53.786+08:00  INFO 2208 --- [api-platform] [restartedMain] c.b.apiplatform.ApiPlatformApplication   : No active profile set, falling back to 1 default profile: "default"
2025-10-14T10:01:54.123+08:00  INFO 2208 --- [api-platform] [restartedMain] .s.d.r.c.RepositoryConfigurationDelegate : Bootstrapping Spring Data JPA repositories in DEFAULT mode.
2025-10-14T10:01:54.167+08:00  INFO 2208 --- [api-platform] [restartedMain] .s.d.r.c.RepositoryConfigurationDelegate : Finished Spring Data repository scanning in 43 ms. Found 6 JPA repository interfaces.
2025-10-14T10:01:54.254+08:00  INFO 2208 --- [api-platform] [restartedMain] o.s.b.w.embedded.tomcat.TomcatWebServer  : Tomcat initialized with port 8080 (http)
2025-10-14T10:01:54.255+08:00  INFO 2208 --- [api-platform] [restartedMain] o.apache.catalina.core.StandardService   : Starting service [Tomcat]
2025-10-14T10:01:54.255+08:00  INFO 2208 --- [api-platform] [restartedMain] o.apache.catalina.core.StandardEngine    : Starting Servlet engine: [Apache Tomcat/10.1.46]
2025-10-14T10:01:54.280+08:00  INFO 2208 --- [api-platform] [restartedMain] o.a.c.c.C.[Tomcat].[localhost].[/]       : Initializing Spring embedded WebApplicationContext
2025-10-14T10:01:54.280+08:00  INFO 2208 --- [api-platform] [restartedMain] w.s.c.ServletWebServerApplicationContext : Root WebApplicationContext: initialization completed in 484 ms
2025-10-14T10:01:54.305+08:00  INFO 2208 --- [api-platform] [restartedMain] o.hibernate.jpa.internal.util.LogHelper  : HHH000204: Processing PersistenceUnitInfo [name: default]
2025-10-14T10:01:54.308+08:00  INFO 2208 --- [api-platform] [restartedMain] o.h.c.internal.RegionFactoryInitiator    : HHH000026: Second-level cache disabled
2025-10-14T10:01:54.317+08:00  INFO 2208 --- [api-platform] [restartedMain] o.s.o.j.p.SpringPersistenceUnitInfo      : No LoadTimeWeaver setup: ignoring JPA class transformer
2025-10-14T10:01:54.319+08:00  WARN 2208 --- [api-platform] [restartedMain] org.hibernate.orm.deprecation            : HHH90000021: Encountered deprecated setting [hibernate.temp.use_jdbc_metadata_defaults], use [hibernate.boot.allow_jdbc_metadata_access] instead
2025-10-14T10:01:54.319+08:00  WARN 2208 --- [api-platform] [restartedMain] org.hibernate.orm.deprecation            : HHH90000025: SQLServerDialect does not need to be specified explicitly using 'hibernate.dialect' (remove the property setting and it will be selected by default)
2025-10-14T10:01:54.320+08:00  INFO 2208 --- [api-platform] [restartedMain] org.hibernate.orm.connections.pooling    : HHH10001005: Database info:
	Database JDBC URL [undefined/unknown]
	Database driver: undefined/unknown
	Database version: 11.0
	Autocommit mode: undefined/unknown
	Isolation level: <unknown>
	Minimum pool size: undefined/unknown
	Maximum pool size: undefined/unknown
2025-10-14T10:01:54.555+08:00  INFO 2208 --- [api-platform] [restartedMain] o.h.e.t.j.p.i.JtaPlatformInitiator       : HHH000489: No JTA platform available (set 'hibernate.transaction.jta.platform' to enable JTA platform integration)
2025-10-14T10:01:54.555+08:00  INFO 2208 --- [api-platform] [restartedMain] j.LocalContainerEntityManagerFactoryBean : Initialized JPA EntityManagerFactory for persistence unit 'default'
2025-10-14T10:01:54.668+08:00 DEBUG 2208 --- [api-platform] [restartedMain] c.b.apiplatform.filter.ApiKeyAuthFilter  : Filter 'apiKeyFilter' configured for use
2025-10-14T10:01:54.768+08:00  WARN 2208 --- [api-platform] [restartedMain] ConfigServletWebServerApplicationContext : Exception encountered during context initialization - cancelling refresh attempt: org.springframework.beans.factory.UnsatisfiedDependencyException: Error creating bean with name 'dynamicQueryService' defined in file [D:\AIProject實作\APIPlatform\api-platform\target\classes\com\bank\apiplatform\service\DynamicQueryService.class]: Unsatisfied dependency expressed through constructor parameter 0: Error creating bean with name 'apiQueryConfigRepository' defined in com.bank.apiplatform.repository.ApiQueryConfigRepository defined in @EnableJpaRepositories declared on JpaRepositoriesRegistrar.EnableJpaRepositoriesConfiguration: Could not create query for public abstract java.lang.Object com.bank.apiplatform.repository.ApiQueryConfigRepository.orElseThrow(java.lang.String,boolean); Reason: Failed to create query for method public abstract java.lang.Object com.bank.apiplatform.repository.ApiQueryConfigRepository.orElseThrow(java.lang.String,boolean); No property 'orElseThrow' found for type 'ApiQueryConfig'
2025-10-14T10:01:54.769+08:00  INFO 2208 --- [api-platform] [restartedMain] j.LocalContainerEntityManagerFactoryBean : Closing JPA EntityManagerFactory for persistence unit 'default'
2025-10-14T10:01:54.770+08:00  INFO 2208 --- [api-platform] [restartedMain] o.apache.catalina.core.StandardService   : Stopping service [Tomcat]
2025-10-14T10:01:54.781+08:00  INFO 2208 --- [api-platform] [restartedMain] .s.b.a.l.ConditionEvaluationReportLogger : 

Error starting ApplicationContext. To display the condition evaluation report re-run your application with 'debug' enabled.
2025-10-14T10:01:54.834+08:00 ERROR 2208 --- [api-platform] [restartedMain] o.s.boot.SpringApplication               : Application run failed

org.springframework.beans.factory.UnsatisfiedDependencyException: Error creating bean with name 'dynamicQueryService' defined in file [D:\AIProject實作\APIPlatform\api-platform\target\classes\com\bank\apiplatform\service\DynamicQueryService.class]: Unsatisfied dependency expressed through constructor parameter 0: Error creating bean with name 'apiQueryConfigRepository' defined in com.bank.apiplatform.repository.ApiQueryConfigRepository defined in @EnableJpaRepositories declared on JpaRepositoriesRegistrar.EnableJpaRepositoriesConfiguration: Could not create query for public abstract java.lang.Object com.bank.apiplatform.repository.ApiQueryConfigRepository.orElseThrow(java.lang.String,boolean); Reason: Failed to create query for method public abstract java.lang.Object com.bank.apiplatform.repository.ApiQueryConfigRepository.orElseThrow(java.lang.String,boolean); No property 'orElseThrow' found for type 'ApiQueryConfig'
	at org.springframework.beans.factory.support.ConstructorResolver.createArgumentArray(ConstructorResolver.java:804) ~[spring-beans-6.2.11.jar:6.2.11]
	at org.springframework.beans.factory.support.ConstructorResolver.autowireConstructor(ConstructorResolver.java:240) ~[spring-beans-6.2.11.jar:6.2.11]
	at org.springframework.beans.factory.support.AbstractAutowireCapableBeanFactory.autowireConstructor(AbstractAutowireCapableBeanFactory.java:1395) ~[spring-beans-6.2.11.jar:6.2.11]
	at org.springframework.beans.factory.support.AbstractAutowireCapableBeanFactory.createBeanInstance(AbstractAutowireCapableBeanFactory.java:1232) ~[spring-beans-6.2.11.jar:6.2.11]
	at org.springframework.beans.factory.support.AbstractAutowireCapableBeanFactory.doCreateBean(AbstractAutowireCapableBeanFactory.java:569) ~[spring-beans-6.2.11.jar:6.2.11]
	at org.springframework.beans.factory.support.AbstractAutowireCapableBeanFactory.createBean(AbstractAutowireCapableBeanFactory.java:529) ~[spring-beans-6.2.11.jar:6.2.11]
	at org.springframework.beans.factory.support.AbstractBeanFactory.lambda$doGetBean$0(AbstractBeanFactory.java:339) ~[spring-beans-6.2.11.jar:6.2.11]
	at org.springframework.beans.factory.support.DefaultSingletonBeanRegistry.getSingleton(DefaultSingletonBeanRegistry.java:373) ~[spring-beans-6.2.11.jar:6.2.11]
	at org.springframework.beans.factory.support.AbstractBeanFactory.doGetBean(AbstractBeanFactory.java:337) ~[spring-beans-6.2.11.jar:6.2.11]
	at org.springframework.beans.factory.support.AbstractBeanFactory.getBean(AbstractBeanFactory.java:202) ~[spring-beans-6.2.11.jar:6.2.11]
	at org.springframework.beans.factory.support.DefaultListableBeanFactory.instantiateSingleton(DefaultListableBeanFactory.java:1221) ~[spring-beans-6.2.11.jar:6.2.11]
	at org.springframework.beans.factory.support.DefaultListableBeanFactory.preInstantiateSingleton(DefaultListableBeanFactory.java:1187) ~[spring-beans-6.2.11.jar:6.2.11]
	at org.springframework.beans.factory.support.DefaultListableBeanFactory.preInstantiateSingletons(DefaultListableBeanFactory.java:1123) ~[spring-beans-6.2.11.jar:6.2.11]
	at org.springframework.context.support.AbstractApplicationContext.finishBeanFactoryInitialization(AbstractApplicationContext.java:987) ~[spring-context-6.2.11.jar:6.2.11]
	at org.springframework.context.support.AbstractApplicationContext.refresh(AbstractApplicationContext.java:627) ~[spring-context-6.2.11.jar:6.2.11]
	at org.springframework.boot.web.servlet.context.ServletWebServerApplicationContext.refresh(ServletWebServerApplicationContext.java:146) ~[spring-boot-3.5.6.jar:3.5.6]
	at org.springframework.boot.SpringApplication.refresh(SpringApplication.java:752) ~[spring-boot-3.5.6.jar:3.5.6]
	at org.springframework.boot.SpringApplication.refreshContext(SpringApplication.java:439) ~[spring-boot-3.5.6.jar:3.5.6]
	at org.springframework.boot.SpringApplication.run(SpringApplication.java:318) ~[spring-boot-3.5.6.jar:3.5.6]
	at org.springframework.boot.SpringApplication.run(SpringApplication.java:1361) ~[spring-boot-3.5.6.jar:3.5.6]
	at org.springframework.boot.SpringApplication.run(SpringApplication.java:1350) ~[spring-boot-3.5.6.jar:3.5.6]
	at com.bank.apiplatform.ApiPlatformApplication.main(ApiPlatformApplication.java:18) ~[classes/:na]
	at java.base/jdk.internal.reflect.NativeMethodAccessorImpl.invoke0(Native Method) ~[na:na]
	at java.base/jdk.internal.reflect.NativeMethodAccessorImpl.invoke(NativeMethodAccessorImpl.java:77) ~[na:na]
	at java.base/jdk.internal.reflect.DelegatingMethodAccessorImpl.invoke(DelegatingMethodAccessorImpl.java:43) ~[na:na]
	at java.base/java.lang.reflect.Method.invoke(Method.java:569) ~[na:na]
	at org.springframework.boot.devtools.restart.RestartLauncher.run(RestartLauncher.java:50) ~[spring-boot-devtools-3.5.6.jar:3.5.6]
Caused by: org.springframework.beans.factory.BeanCreationException: Error creating bean with name 'apiQueryConfigRepository' defined in com.bank.apiplatform.repository.ApiQueryConfigRepository defined in @EnableJpaRepositories declared on JpaRepositoriesRegistrar.EnableJpaRepositoriesConfiguration: Could not create query for public abstract java.lang.Object com.bank.apiplatform.repository.ApiQueryConfigRepository.orElseThrow(java.lang.String,boolean); Reason: Failed to create query for method public abstract java.lang.Object com.bank.apiplatform.repository.ApiQueryConfigRepository.orElseThrow(java.lang.String,boolean); No property 'orElseThrow' found for type 'ApiQueryConfig'
	at org.springframework.beans.factory.support.AbstractAutowireCapableBeanFactory.initializeBean(AbstractAutowireCapableBeanFactory.java:1826) ~[spring-beans-6.2.11.jar:6.2.11]
	at org.springframework.beans.factory.support.AbstractAutowireCapableBeanFactory.doCreateBean(AbstractAutowireCapableBeanFactory.java:607) ~[spring-beans-6.2.11.jar:6.2.11]
	at org.springframework.beans.factory.support.AbstractAutowireCapableBeanFactory.createBean(AbstractAutowireCapableBeanFactory.java:529) ~[spring-beans-6.2.11.jar:6.2.11]
	at org.springframework.beans.factory.support.AbstractBeanFactory.lambda$doGetBean$0(AbstractBeanFactory.java:339) ~[spring-beans-6.2.11.jar:6.2.11]
	at org.springframework.beans.factory.support.DefaultSingletonBeanRegistry.getSingleton(DefaultSingletonBeanRegistry.java:373) ~[spring-beans-6.2.11.jar:6.2.11]
	at org.springframework.beans.factory.support.AbstractBeanFactory.doGetBean(AbstractBeanFactory.java:337) ~[spring-beans-6.2.11.jar:6.2.11]
	at org.springframework.beans.factory.support.AbstractBeanFactory.getBean(AbstractBeanFactory.java:202) ~[spring-beans-6.2.11.jar:6.2.11]
	at org.springframework.beans.factory.config.DependencyDescriptor.resolveCandidate(DependencyDescriptor.java:254) ~[spring-beans-6.2.11.jar:6.2.11]
	at org.springframework.beans.factory.support.DefaultListableBeanFactory.doResolveDependency(DefaultListableBeanFactory.java:1760) ~[spring-beans-6.2.11.jar:6.2.11]
	at org.springframework.beans.factory.support.DefaultListableBeanFactory.resolveDependency(DefaultListableBeanFactory.java:1643) ~[spring-beans-6.2.11.jar:6.2.11]
	at org.springframework.beans.factory.support.ConstructorResolver.resolveAutowiredArgument(ConstructorResolver.java:913) ~[spring-beans-6.2.11.jar:6.2.11]
	at org.springframework.beans.factory.support.ConstructorResolver.createArgumentArray(ConstructorResolver.java:791) ~[spring-beans-6.2.11.jar:6.2.11]
	... 26 common frames omitted
Caused by: org.springframework.data.repository.query.QueryCreationException: Could not create query for public abstract java.lang.Object com.bank.apiplatform.repository.ApiQueryConfigRepository.orElseThrow(java.lang.String,boolean); Reason: Failed to create query for method public abstract java.lang.Object com.bank.apiplatform.repository.ApiQueryConfigRepository.orElseThrow(java.lang.String,boolean); No property 'orElseThrow' found for type 'ApiQueryConfig'
	at org.springframework.data.repository.query.QueryCreationException.create(QueryCreationException.java:101) ~[spring-data-commons-3.5.4.jar:3.5.4]
	at org.springframework.data.repository.core.support.QueryExecutorMethodInterceptor.lookupQuery(QueryExecutorMethodInterceptor.java:120) ~[spring-data-commons-3.5.4.jar:3.5.4]
	at org.springframework.data.repository.core.support.QueryExecutorMethodInterceptor.mapMethodsToQuery(QueryExecutorMethodInterceptor.java:104) ~[spring-data-commons-3.5.4.jar:3.5.4]
	at org.springframework.data.repository.core.support.QueryExecutorMethodInterceptor.lambda$new$0(QueryExecutorMethodInterceptor.java:92) ~[spring-data-commons-3.5.4.jar:3.5.4]
	at java.base/java.util.Optional.map(Optional.java:260) ~[na:na]
	at org.springframework.data.repository.core.support.QueryExecutorMethodInterceptor.<init>(QueryExecutorMethodInterceptor.java:92) ~[spring-data-commons-3.5.4.jar:3.5.4]
	at org.springframework.data.repository.core.support.RepositoryFactorySupport.getRepository(RepositoryFactorySupport.java:434) ~[spring-data-commons-3.5.4.jar:3.5.4]
	at org.springframework.data.repository.core.support.RepositoryFactoryBeanSupport.lambda$afterPropertiesSet$4(RepositoryFactoryBeanSupport.java:350) ~[spring-data-commons-3.5.4.jar:3.5.4]
	at org.springframework.data.util.Lazy.getNullable(Lazy.java:135) ~[spring-data-commons-3.5.4.jar:3.5.4]
	at org.springframework.data.util.Lazy.get(Lazy.java:113) ~[spring-data-commons-3.5.4.jar:3.5.4]
	at org.springframework.data.repository.core.support.RepositoryFactoryBeanSupport.afterPropertiesSet(RepositoryFactoryBeanSupport.java:356) ~[spring-data-commons-3.5.4.jar:3.5.4]
	at org.springframework.data.jpa.repository.support.JpaRepositoryFactoryBean.afterPropertiesSet(JpaRepositoryFactoryBean.java:132) ~[spring-data-jpa-3.5.4.jar:3.5.4]
	at org.springframework.beans.factory.support.AbstractAutowireCapableBeanFactory.invokeInitMethods(AbstractAutowireCapableBeanFactory.java:1873) ~[spring-beans-6.2.11.jar:6.2.11]
	at org.springframework.beans.factory.support.AbstractAutowireCapableBeanFactory.initializeBean(AbstractAutowireCapableBeanFactory.java:1822) ~[spring-beans-6.2.11.jar:6.2.11]
	... 37 common frames omitted
Caused by: java.lang.IllegalArgumentException: Failed to create query for method public abstract java.lang.Object com.bank.apiplatform.repository.ApiQueryConfigRepository.orElseThrow(java.lang.String,boolean); No property 'orElseThrow' found for type 'ApiQueryConfig'
	at org.springframework.data.jpa.repository.query.PartTreeJpaQuery.<init>(PartTreeJpaQuery.java:107) ~[spring-data-jpa-3.5.4.jar:3.5.4]
	at org.springframework.data.jpa.repository.query.JpaQueryLookupStrategy$CreateQueryLookupStrategy.resolveQuery(JpaQueryLookupStrategy.java:128) ~[spring-data-jpa-3.5.4.jar:3.5.4]
	at org.springframework.data.jpa.repository.query.JpaQueryLookupStrategy$CreateIfNotFoundQueryLookupStrategy.resolveQuery(JpaQueryLookupStrategy.java:260) ~[spring-data-jpa-3.5.4.jar:3.5.4]
	at org.springframework.data.jpa.repository.query.JpaQueryLookupStrategy$AbstractQueryLookupStrategy.resolveQuery(JpaQueryLookupStrategy.java:99) ~[spring-data-jpa-3.5.4.jar:3.5.4]
	at org.springframework.data.repository.core.support.QueryExecutorMethodInterceptor.lookupQuery(QueryExecutorMethodInterceptor.java:116) ~[spring-data-commons-3.5.4.jar:3.5.4]
	... 49 common frames omitted
Caused by: org.springframework.data.mapping.PropertyReferenceException: No property 'orElseThrow' found for type 'ApiQueryConfig'
	at org.springframework.data.mapping.PropertyPath.<init>(PropertyPath.java:94) ~[spring-data-commons-3.5.4.jar:3.5.4]
	at org.springframework.data.mapping.PropertyPath.create(PropertyPath.java:455) ~[spring-data-commons-3.5.4.jar:3.5.4]
	at org.springframework.data.mapping.PropertyPath.create(PropertyPath.java:431) ~[spring-data-commons-3.5.4.jar:3.5.4]
	at org.springframework.data.mapping.PropertyPath.lambda$from$0(PropertyPath.java:384) ~[spring-data-commons-3.5.4.jar:3.5.4]
	at java.base/java.util.concurrent.ConcurrentMap.computeIfAbsent(ConcurrentMap.java:330) ~[na:na]
	at org.springframework.data.mapping.PropertyPath.from(PropertyPath.java:366) ~[spring-data-commons-3.5.4.jar:3.5.4]
	at org.springframework.data.mapping.PropertyPath.from(PropertyPath.java:344) ~[spring-data-commons-3.5.4.jar:3.5.4]
	at org.springframework.data.repository.query.parser.Part.<init>(Part.java:81) ~[spring-data-commons-3.5.4.jar:3.5.4]
	at org.springframework.data.repository.query.parser.PartTree$OrPart.lambda$new$0(PartTree.java:259) ~[spring-data-commons-3.5.4.jar:3.5.4]
	at java.base/java.util.stream.ReferencePipeline$3$1.accept(ReferencePipeline.java:197) ~[na:na]
	at java.base/java.util.stream.ReferencePipeline$2$1.accept(ReferencePipeline.java:179) ~[na:na]
	at java.base/java.util.Spliterators$ArraySpliterator.forEachRemaining(Spliterators.java:992) ~[na:na]
	at java.base/java.util.stream.AbstractPipeline.copyInto(AbstractPipeline.java:509) ~[na:na]
	at java.base/java.util.stream.AbstractPipeline.wrapAndCopyInto(AbstractPipeline.java:499) ~[na:na]
	at java.base/java.util.stream.ReduceOps$ReduceOp.evaluateSequential(ReduceOps.java:921) ~[na:na]
	at java.base/java.util.stream.AbstractPipeline.evaluate(AbstractPipeline.java:234) ~[na:na]
	at java.base/java.util.stream.ReferencePipeline.collect(ReferencePipeline.java:682) ~[na:na]
	at org.springframework.data.repository.query.parser.PartTree$OrPart.<init>(PartTree.java:260) ~[spring-data-commons-3.5.4.jar:3.5.4]
	at org.springframework.data.repository.query.parser.PartTree$Predicate.lambda$new$0(PartTree.java:389) ~[spring-data-commons-3.5.4.jar:3.5.4]
	at java.base/java.util.stream.ReferencePipeline$3$1.accept(ReferencePipeline.java:197) ~[na:na]
	at java.base/java.util.stream.ReferencePipeline$2$1.accept(ReferencePipeline.java:179) ~[na:na]
	at java.base/java.util.Spliterators$ArraySpliterator.forEachRemaining(Spliterators.java:992) ~[na:na]
	at java.base/java.util.stream.AbstractPipeline.copyInto(AbstractPipeline.java:509) ~[na:na]
	at java.base/java.util.stream.AbstractPipeline.wrapAndCopyInto(AbstractPipeline.java:499) ~[na:na]
	at java.base/java.util.stream.ReduceOps$ReduceOp.evaluateSequential(ReduceOps.java:921) ~[na:na]
	at java.base/java.util.stream.AbstractPipeline.evaluate(AbstractPipeline.java:234) ~[na:na]
	at java.base/java.util.stream.ReferencePipeline.collect(ReferencePipeline.java:682) ~[na:na]
	at org.springframework.data.repository.query.parser.PartTree$Predicate.<init>(PartTree.java:390) ~[spring-data-commons-3.5.4.jar:3.5.4]
	at org.springframework.data.repository.query.parser.PartTree.<init>(PartTree.java:100) ~[spring-data-commons-3.5.4.jar:3.5.4]
	at org.springframework.data.jpa.repository.query.PartTreeJpaQuery.<init>(PartTreeJpaQuery.java:101) ~[spring-data-jpa-3.5.4.jar:3.5.4]
	... 53 common frames omitted

2025-10-14T10:03:01.653+08:00  INFO 2208 --- [api-platform] [restartedMain] c.b.apiplatform.ApiPlatformApplication   : Starting ApiPlatformApplication using Java 17.0.16 with PID 2208 (D:\AIProject實作\APIPlatform\api-platform\target\classes started by Achilles in D:\AIProject實作\APIPlatform\api-platform)
2025-10-14T10:03:01.654+08:00 DEBUG 2208 --- [api-platform] [restartedMain] c.b.apiplatform.ApiPlatformApplication   : Running with Spring Boot v3.5.6, Spring v6.2.11
2025-10-14T10:03:01.654+08:00  INFO 2208 --- [api-platform] [restartedMain] c.b.apiplatform.ApiPlatformApplication   : No active profile set, falling back to 1 default profile: "default"
2025-10-14T10:03:01.922+08:00  INFO 2208 --- [api-platform] [restartedMain] .s.d.r.c.RepositoryConfigurationDelegate : Bootstrapping Spring Data JPA repositories in DEFAULT mode.
2025-10-14T10:03:01.955+08:00  INFO 2208 --- [api-platform] [restartedMain] .s.d.r.c.RepositoryConfigurationDelegate : Finished Spring Data repository scanning in 32 ms. Found 6 JPA repository interfaces.
2025-10-14T10:03:02.038+08:00  INFO 2208 --- [api-platform] [restartedMain] o.s.b.w.embedded.tomcat.TomcatWebServer  : Tomcat initialized with port 8080 (http)
2025-10-14T10:03:02.039+08:00  INFO 2208 --- [api-platform] [restartedMain] o.apache.catalina.core.StandardService   : Starting service [Tomcat]
2025-10-14T10:03:02.039+08:00  INFO 2208 --- [api-platform] [restartedMain] o.apache.catalina.core.StandardEngine    : Starting Servlet engine: [Apache Tomcat/10.1.46]
2025-10-14T10:03:02.060+08:00  INFO 2208 --- [api-platform] [restartedMain] o.a.c.c.C.[Tomcat-1].[localhost].[/]     : Initializing Spring embedded WebApplicationContext
2025-10-14T10:03:02.060+08:00  INFO 2208 --- [api-platform] [restartedMain] w.s.c.ServletWebServerApplicationContext : Root WebApplicationContext: initialization completed in 405 ms
2025-10-14T10:03:02.083+08:00  INFO 2208 --- [api-platform] [restartedMain] o.hibernate.jpa.internal.util.LogHelper  : HHH000204: Processing PersistenceUnitInfo [name: default]
2025-10-14T10:03:02.085+08:00  INFO 2208 --- [api-platform] [restartedMain] o.h.c.internal.RegionFactoryInitiator    : HHH000026: Second-level cache disabled
2025-10-14T10:03:02.092+08:00  INFO 2208 --- [api-platform] [restartedMain] o.s.o.j.p.SpringPersistenceUnitInfo      : No LoadTimeWeaver setup: ignoring JPA class transformer
2025-10-14T10:03:02.093+08:00  WARN 2208 --- [api-platform] [restartedMain] org.hibernate.orm.deprecation            : HHH90000021: Encountered deprecated setting [hibernate.temp.use_jdbc_metadata_defaults], use [hibernate.boot.allow_jdbc_metadata_access] instead
2025-10-14T10:03:02.094+08:00  WARN 2208 --- [api-platform] [restartedMain] org.hibernate.orm.deprecation            : HHH90000025: SQLServerDialect does not need to be specified explicitly using 'hibernate.dialect' (remove the property setting and it will be selected by default)
2025-10-14T10:03:02.094+08:00  INFO 2208 --- [api-platform] [restartedMain] org.hibernate.orm.connections.pooling    : HHH10001005: Database info:
	Database JDBC URL [undefined/unknown]
	Database driver: undefined/unknown
	Database version: 11.0
	Autocommit mode: undefined/unknown
	Isolation level: <unknown>
	Minimum pool size: undefined/unknown
	Maximum pool size: undefined/unknown
2025-10-14T10:03:02.235+08:00  INFO 2208 --- [api-platform] [restartedMain] o.h.e.t.j.p.i.JtaPlatformInitiator       : HHH000489: No JTA platform available (set 'hibernate.transaction.jta.platform' to enable JTA platform integration)
2025-10-14T10:03:02.235+08:00  INFO 2208 --- [api-platform] [restartedMain] j.LocalContainerEntityManagerFactoryBean : Initialized JPA EntityManagerFactory for persistence unit 'default'
2025-10-14T10:03:02.316+08:00 DEBUG 2208 --- [api-platform] [restartedMain] c.b.apiplatform.filter.ApiKeyAuthFilter  : Filter 'apiKeyFilter' configured for use
2025-10-14T10:03:02.382+08:00  WARN 2208 --- [api-platform] [restartedMain] ConfigServletWebServerApplicationContext : Exception encountered during context initialization - cancelling refresh attempt: org.springframework.beans.factory.UnsatisfiedDependencyException: Error creating bean with name 'dynamicQueryService' defined in file [D:\AIProject實作\APIPlatform\api-platform\target\classes\com\bank\apiplatform\service\DynamicQueryService.class]: Unsatisfied dependency expressed through constructor parameter 0: Error creating bean with name 'apiQueryConfigRepository' defined in com.bank.apiplatform.repository.ApiQueryConfigRepository defined in @EnableJpaRepositories declared on JpaRepositoriesRegistrar.EnableJpaRepositoriesConfiguration: Could not create query for public abstract java.lang.Object com.bank.apiplatform.repository.ApiQueryConfigRepository.orElseThrow(java.lang.String,boolean); Reason: Failed to create query for method public abstract java.lang.Object com.bank.apiplatform.repository.ApiQueryConfigRepository.orElseThrow(java.lang.String,boolean); No property 'orElseThrow' found for type 'ApiQueryConfig'
2025-10-14T10:03:02.382+08:00  INFO 2208 --- [api-platform] [restartedMain] j.LocalContainerEntityManagerFactoryBean : Closing JPA EntityManagerFactory for persistence unit 'default'
2025-10-14T10:03:02.383+08:00  INFO 2208 --- [api-platform] [restartedMain] o.apache.catalina.core.StandardService   : Stopping service [Tomcat]
2025-10-14T10:03:02.391+08:00  INFO 2208 --- [api-platform] [restartedMain] .s.b.a.l.ConditionEvaluationReportLogger : 

Error starting ApplicationContext. To display the condition evaluation report re-run your application with 'debug' enabled.
2025-10-14T10:03:02.397+08:00 ERROR 2208 --- [api-platform] [restartedMain] o.s.boot.SpringApplication               : Application run failed

org.springframework.beans.factory.UnsatisfiedDependencyException: Error creating bean with name 'dynamicQueryService' defined in file [D:\AIProject實作\APIPlatform\api-platform\target\classes\com\bank\apiplatform\service\DynamicQueryService.class]: Unsatisfied dependency expressed through constructor parameter 0: Error creating bean with name 'apiQueryConfigRepository' defined in com.bank.apiplatform.repository.ApiQueryConfigRepository defined in @EnableJpaRepositories declared on JpaRepositoriesRegistrar.EnableJpaRepositoriesConfiguration: Could not create query for public abstract java.lang.Object com.bank.apiplatform.repository.ApiQueryConfigRepository.orElseThrow(java.lang.String,boolean); Reason: Failed to create query for method public abstract java.lang.Object com.bank.apiplatform.repository.ApiQueryConfigRepository.orElseThrow(java.lang.String,boolean); No property 'orElseThrow' found for type 'ApiQueryConfig'
	at org.springframework.beans.factory.support.ConstructorResolver.createArgumentArray(ConstructorResolver.java:804) ~[spring-beans-6.2.11.jar:6.2.11]
	at org.springframework.beans.factory.support.ConstructorResolver.autowireConstructor(ConstructorResolver.java:240) ~[spring-beans-6.2.11.jar:6.2.11]
	at org.springframework.beans.factory.support.AbstractAutowireCapableBeanFactory.autowireConstructor(AbstractAutowireCapableBeanFactory.java:1395) ~[spring-beans-6.2.11.jar:6.2.11]
	at org.springframework.beans.factory.support.AbstractAutowireCapableBeanFactory.createBeanInstance(AbstractAutowireCapableBeanFactory.java:1232) ~[spring-beans-6.2.11.jar:6.2.11]
	at org.springframework.beans.factory.support.AbstractAutowireCapableBeanFactory.doCreateBean(AbstractAutowireCapableBeanFactory.java:569) ~[spring-beans-6.2.11.jar:6.2.11]
	at org.springframework.beans.factory.support.AbstractAutowireCapableBeanFactory.createBean(AbstractAutowireCapableBeanFactory.java:529) ~[spring-beans-6.2.11.jar:6.2.11]
	at org.springframework.beans.factory.support.AbstractBeanFactory.lambda$doGetBean$0(AbstractBeanFactory.java:339) ~[spring-beans-6.2.11.jar:6.2.11]
	at org.springframework.beans.factory.support.DefaultSingletonBeanRegistry.getSingleton(DefaultSingletonBeanRegistry.java:373) ~[spring-beans-6.2.11.jar:6.2.11]
	at org.springframework.beans.factory.support.AbstractBeanFactory.doGetBean(AbstractBeanFactory.java:337) ~[spring-beans-6.2.11.jar:6.2.11]
	at org.springframework.beans.factory.support.AbstractBeanFactory.getBean(AbstractBeanFactory.java:202) ~[spring-beans-6.2.11.jar:6.2.11]
	at org.springframework.beans.factory.support.DefaultListableBeanFactory.instantiateSingleton(DefaultListableBeanFactory.java:1221) ~[spring-beans-6.2.11.jar:6.2.11]
	at org.springframework.beans.factory.support.DefaultListableBeanFactory.preInstantiateSingleton(DefaultListableBeanFactory.java:1187) ~[spring-beans-6.2.11.jar:6.2.11]
	at org.springframework.beans.factory.support.DefaultListableBeanFactory.preInstantiateSingletons(DefaultListableBeanFactory.java:1123) ~[spring-beans-6.2.11.jar:6.2.11]
	at org.springframework.context.support.AbstractApplicationContext.finishBeanFactoryInitialization(AbstractApplicationContext.java:987) ~[spring-context-6.2.11.jar:6.2.11]
	at org.springframework.context.support.AbstractApplicationContext.refresh(AbstractApplicationContext.java:627) ~[spring-context-6.2.11.jar:6.2.11]
	at org.springframework.boot.web.servlet.context.ServletWebServerApplicationContext.refresh(ServletWebServerApplicationContext.java:146) ~[spring-boot-3.5.6.jar:3.5.6]
	at org.springframework.boot.SpringApplication.refresh(SpringApplication.java:752) ~[spring-boot-3.5.6.jar:3.5.6]
	at org.springframework.boot.SpringApplication.refreshContext(SpringApplication.java:439) ~[spring-boot-3.5.6.jar:3.5.6]
	at org.springframework.boot.SpringApplication.run(SpringApplication.java:318) ~[spring-boot-3.5.6.jar:3.5.6]
	at org.springframework.boot.SpringApplication.run(SpringApplication.java:1361) ~[spring-boot-3.5.6.jar:3.5.6]
	at org.springframework.boot.SpringApplication.run(SpringApplication.java:1350) ~[spring-boot-3.5.6.jar:3.5.6]
	at com.bank.apiplatform.ApiPlatformApplication.main(ApiPlatformApplication.java:18) ~[classes/:na]
	at java.base/jdk.internal.reflect.NativeMethodAccessorImpl.invoke0(Native Method) ~[na:na]
	at java.base/jdk.internal.reflect.NativeMethodAccessorImpl.invoke(NativeMethodAccessorImpl.java:77) ~[na:na]
	at java.base/jdk.internal.reflect.DelegatingMethodAccessorImpl.invoke(DelegatingMethodAccessorImpl.java:43) ~[na:na]
	at java.base/java.lang.reflect.Method.invoke(Method.java:569) ~[na:na]
	at org.springframework.boot.devtools.restart.RestartLauncher.run(RestartLauncher.java:50) ~[spring-boot-devtools-3.5.6.jar:3.5.6]
Caused by: org.springframework.beans.factory.BeanCreationException: Error creating bean with name 'apiQueryConfigRepository' defined in com.bank.apiplatform.repository.ApiQueryConfigRepository defined in @EnableJpaRepositories declared on JpaRepositoriesRegistrar.EnableJpaRepositoriesConfiguration: Could not create query for public abstract java.lang.Object com.bank.apiplatform.repository.ApiQueryConfigRepository.orElseThrow(java.lang.String,boolean); Reason: Failed to create query for method public abstract java.lang.Object com.bank.apiplatform.repository.ApiQueryConfigRepository.orElseThrow(java.lang.String,boolean); No property 'orElseThrow' found for type 'ApiQueryConfig'
	at org.springframework.beans.factory.support.AbstractAutowireCapableBeanFactory.initializeBean(AbstractAutowireCapableBeanFactory.java:1826) ~[spring-beans-6.2.11.jar:6.2.11]
	at org.springframework.beans.factory.support.AbstractAutowireCapableBeanFactory.doCreateBean(AbstractAutowireCapableBeanFactory.java:607) ~[spring-beans-6.2.11.jar:6.2.11]
	at org.springframework.beans.factory.support.AbstractAutowireCapableBeanFactory.createBean(AbstractAutowireCapableBeanFactory.java:529) ~[spring-beans-6.2.11.jar:6.2.11]
	at org.springframework.beans.factory.support.AbstractBeanFactory.lambda$doGetBean$0(AbstractBeanFactory.java:339) ~[spring-beans-6.2.11.jar:6.2.11]
	at org.springframework.beans.factory.support.DefaultSingletonBeanRegistry.getSingleton(DefaultSingletonBeanRegistry.java:373) ~[spring-beans-6.2.11.jar:6.2.11]
	at org.springframework.beans.factory.support.AbstractBeanFactory.doGetBean(AbstractBeanFactory.java:337) ~[spring-beans-6.2.11.jar:6.2.11]
	at org.springframework.beans.factory.support.AbstractBeanFactory.getBean(AbstractBeanFactory.java:202) ~[spring-beans-6.2.11.jar:6.2.11]
	at org.springframework.beans.factory.config.DependencyDescriptor.resolveCandidate(DependencyDescriptor.java:254) ~[spring-beans-6.2.11.jar:6.2.11]
	at org.springframework.beans.factory.support.DefaultListableBeanFactory.doResolveDependency(DefaultListableBeanFactory.java:1760) ~[spring-beans-6.2.11.jar:6.2.11]
	at org.springframework.beans.factory.support.DefaultListableBeanFactory.resolveDependency(DefaultListableBeanFactory.java:1643) ~[spring-beans-6.2.11.jar:6.2.11]
	at org.springframework.beans.factory.support.ConstructorResolver.resolveAutowiredArgument(ConstructorResolver.java:913) ~[spring-beans-6.2.11.jar:6.2.11]
	at org.springframework.beans.factory.support.ConstructorResolver.createArgumentArray(ConstructorResolver.java:791) ~[spring-beans-6.2.11.jar:6.2.11]
	... 26 common frames omitted
Caused by: org.springframework.data.repository.query.QueryCreationException: Could not create query for public abstract java.lang.Object com.bank.apiplatform.repository.ApiQueryConfigRepository.orElseThrow(java.lang.String,boolean); Reason: Failed to create query for method public abstract java.lang.Object com.bank.apiplatform.repository.ApiQueryConfigRepository.orElseThrow(java.lang.String,boolean); No property 'orElseThrow' found for type 'ApiQueryConfig'
	at org.springframework.data.repository.query.QueryCreationException.create(QueryCreationException.java:101) ~[spring-data-commons-3.5.4.jar:3.5.4]
	at org.springframework.data.repository.core.support.QueryExecutorMethodInterceptor.lookupQuery(QueryExecutorMethodInterceptor.java:120) ~[spring-data-commons-3.5.4.jar:3.5.4]
	at org.springframework.data.repository.core.support.QueryExecutorMethodInterceptor.mapMethodsToQuery(QueryExecutorMethodInterceptor.java:104) ~[spring-data-commons-3.5.4.jar:3.5.4]
	at org.springframework.data.repository.core.support.QueryExecutorMethodInterceptor.lambda$new$0(QueryExecutorMethodInterceptor.java:92) ~[spring-data-commons-3.5.4.jar:3.5.4]
	at java.base/java.util.Optional.map(Optional.java:260) ~[na:na]
	at org.springframework.data.repository.core.support.QueryExecutorMethodInterceptor.<init>(QueryExecutorMethodInterceptor.java:92) ~[spring-data-commons-3.5.4.jar:3.5.4]
	at org.springframework.data.repository.core.support.RepositoryFactorySupport.getRepository(RepositoryFactorySupport.java:434) ~[spring-data-commons-3.5.4.jar:3.5.4]
	at org.springframework.data.repository.core.support.RepositoryFactoryBeanSupport.lambda$afterPropertiesSet$4(RepositoryFactoryBeanSupport.java:350) ~[spring-data-commons-3.5.4.jar:3.5.4]
	at org.springframework.data.util.Lazy.getNullable(Lazy.java:135) ~[spring-data-commons-3.5.4.jar:3.5.4]
	at org.springframework.data.util.Lazy.get(Lazy.java:113) ~[spring-data-commons-3.5.4.jar:3.5.4]
	at org.springframework.data.repository.core.support.RepositoryFactoryBeanSupport.afterPropertiesSet(RepositoryFactoryBeanSupport.java:356) ~[spring-data-commons-3.5.4.jar:3.5.4]
	at org.springframework.data.jpa.repository.support.JpaRepositoryFactoryBean.afterPropertiesSet(JpaRepositoryFactoryBean.java:132) ~[spring-data-jpa-3.5.4.jar:3.5.4]
	at org.springframework.beans.factory.support.AbstractAutowireCapableBeanFactory.invokeInitMethods(AbstractAutowireCapableBeanFactory.java:1873) ~[spring-beans-6.2.11.jar:6.2.11]
	at org.springframework.beans.factory.support.AbstractAutowireCapableBeanFactory.initializeBean(AbstractAutowireCapableBeanFactory.java:1822) ~[spring-beans-6.2.11.jar:6.2.11]
	... 37 common frames omitted
Caused by: java.lang.IllegalArgumentException: Failed to create query for method public abstract java.lang.Object com.bank.apiplatform.repository.ApiQueryConfigRepository.orElseThrow(java.lang.String,boolean); No property 'orElseThrow' found for type 'ApiQueryConfig'
	at org.springframework.data.jpa.repository.query.PartTreeJpaQuery.<init>(PartTreeJpaQuery.java:107) ~[spring-data-jpa-3.5.4.jar:3.5.4]
	at org.springframework.data.jpa.repository.query.JpaQueryLookupStrategy$CreateQueryLookupStrategy.resolveQuery(JpaQueryLookupStrategy.java:128) ~[spring-data-jpa-3.5.4.jar:3.5.4]
	at org.springframework.data.jpa.repository.query.JpaQueryLookupStrategy$CreateIfNotFoundQueryLookupStrategy.resolveQuery(JpaQueryLookupStrategy.java:260) ~[spring-data-jpa-3.5.4.jar:3.5.4]
	at org.springframework.data.jpa.repository.query.JpaQueryLookupStrategy$AbstractQueryLookupStrategy.resolveQuery(JpaQueryLookupStrategy.java:99) ~[spring-data-jpa-3.5.4.jar:3.5.4]
	at org.springframework.data.repository.core.support.QueryExecutorMethodInterceptor.lookupQuery(QueryExecutorMethodInterceptor.java:116) ~[spring-data-commons-3.5.4.jar:3.5.4]
	... 49 common frames omitted
Caused by: org.springframework.data.mapping.PropertyReferenceException: No property 'orElseThrow' found for type 'ApiQueryConfig'
	at org.springframework.data.mapping.PropertyPath.<init>(PropertyPath.java:94) ~[spring-data-commons-3.5.4.jar:3.5.4]
	at org.springframework.data.mapping.PropertyPath.create(PropertyPath.java:455) ~[spring-data-commons-3.5.4.jar:3.5.4]
	at org.springframework.data.mapping.PropertyPath.create(PropertyPath.java:431) ~[spring-data-commons-3.5.4.jar:3.5.4]
	at org.springframework.data.mapping.PropertyPath.lambda$from$0(PropertyPath.java:384) ~[spring-data-commons-3.5.4.jar:3.5.4]
	at java.base/java.util.concurrent.ConcurrentMap.computeIfAbsent(ConcurrentMap.java:330) ~[na:na]
	at org.springframework.data.mapping.PropertyPath.from(PropertyPath.java:366) ~[spring-data-commons-3.5.4.jar:3.5.4]
	at org.springframework.data.mapping.PropertyPath.from(PropertyPath.java:344) ~[spring-data-commons-3.5.4.jar:3.5.4]
	at org.springframework.data.repository.query.parser.Part.<init>(Part.java:81) ~[spring-data-commons-3.5.4.jar:3.5.4]
	at org.springframework.data.repository.query.parser.PartTree$OrPart.lambda$new$0(PartTree.java:259) ~[spring-data-commons-3.5.4.jar:3.5.4]
	at java.base/java.util.stream.ReferencePipeline$3$1.accept(ReferencePipeline.java:197) ~[na:na]
	at java.base/java.util.stream.ReferencePipeline$2$1.accept(ReferencePipeline.java:179) ~[na:na]
	at java.base/java.util.Spliterators$ArraySpliterator.forEachRemaining(Spliterators.java:992) ~[na:na]
	at java.base/java.util.stream.AbstractPipeline.copyInto(AbstractPipeline.java:509) ~[na:na]
	at java.base/java.util.stream.AbstractPipeline.wrapAndCopyInto(AbstractPipeline.java:499) ~[na:na]
	at java.base/java.util.stream.ReduceOps$ReduceOp.evaluateSequential(ReduceOps.java:921) ~[na:na]
	at java.base/java.util.stream.AbstractPipeline.evaluate(AbstractPipeline.java:234) ~[na:na]
	at java.base/java.util.stream.ReferencePipeline.collect(ReferencePipeline.java:682) ~[na:na]
	at org.springframework.data.repository.query.parser.PartTree$OrPart.<init>(PartTree.java:260) ~[spring-data-commons-3.5.4.jar:3.5.4]
	at org.springframework.data.repository.query.parser.PartTree$Predicate.lambda$new$0(PartTree.java:389) ~[spring-data-commons-3.5.4.jar:3.5.4]
	at java.base/java.util.stream.ReferencePipeline$3$1.accept(ReferencePipeline.java:197) ~[na:na]
	at java.base/java.util.stream.ReferencePipeline$2$1.accept(ReferencePipeline.java:179) ~[na:na]
	at java.base/java.util.Spliterators$ArraySpliterator.forEachRemaining(Spliterators.java:992) ~[na:na]
	at java.base/java.util.stream.AbstractPipeline.copyInto(AbstractPipeline.java:509) ~[na:na]
	at java.base/java.util.stream.AbstractPipeline.wrapAndCopyInto(AbstractPipeline.java:499) ~[na:na]
	at java.base/java.util.stream.ReduceOps$ReduceOp.evaluateSequential(ReduceOps.java:921) ~[na:na]
	at java.base/java.util.stream.AbstractPipeline.evaluate(AbstractPipeline.java:234) ~[na:na]
	at java.base/java.util.stream.ReferencePipeline.collect(ReferencePipeline.java:682) ~[na:na]
	at org.springframework.data.repository.query.parser.PartTree$Predicate.<init>(PartTree.java:390) ~[spring-data-commons-3.5.4.jar:3.5.4]
	at org.springframework.data.repository.query.parser.PartTree.<init>(PartTree.java:100) ~[spring-data-commons-3.5.4.jar:3.5.4]
	at org.springframework.data.jpa.repository.query.PartTreeJpaQuery.<init>(PartTreeJpaQuery.java:101) ~[spring-data-jpa-3.5.4.jar:3.5.4]
	... 53 common frames omitted

2025-10-14T10:03:16.072+08:00  INFO 2208 --- [api-platform] [restartedMain] c.b.apiplatform.ApiPlatformApplication   : Starting ApiPlatformApplication using Java 17.0.16 with PID 2208 (D:\AIProject實作\APIPlatform\api-platform\target\classes started by Achilles in D:\AIProject實作\APIPlatform\api-platform)
2025-10-14T10:03:16.072+08:00 DEBUG 2208 --- [api-platform] [restartedMain] c.b.apiplatform.ApiPlatformApplication   : Running with Spring Boot v3.5.6, Spring v6.2.11
2025-10-14T10:03:16.072+08:00  INFO 2208 --- [api-platform] [restartedMain] c.b.apiplatform.ApiPlatformApplication   : No active profile set, falling back to 1 default profile: "default"
2025-10-14T10:03:16.336+08:00  INFO 2208 --- [api-platform] [restartedMain] .s.d.r.c.RepositoryConfigurationDelegate : Bootstrapping Spring Data JPA repositories in DEFAULT mode.
2025-10-14T10:03:16.373+08:00  INFO 2208 --- [api-platform] [restartedMain] .s.d.r.c.RepositoryConfigurationDelegate : Finished Spring Data repository scanning in 33 ms. Found 6 JPA repository interfaces.
2025-10-14T10:03:16.454+08:00  INFO 2208 --- [api-platform] [restartedMain] o.s.b.w.embedded.tomcat.TomcatWebServer  : Tomcat initialized with port 8080 (http)
2025-10-14T10:03:16.457+08:00  INFO 2208 --- [api-platform] [restartedMain] o.apache.catalina.core.StandardService   : Starting service [Tomcat]
2025-10-14T10:03:16.457+08:00  INFO 2208 --- [api-platform] [restartedMain] o.apache.catalina.core.StandardEngine    : Starting Servlet engine: [Apache Tomcat/10.1.46]
2025-10-14T10:03:16.478+08:00  INFO 2208 --- [api-platform] [restartedMain] o.a.c.c.C.[Tomcat-2].[localhost].[/]     : Initializing Spring embedded WebApplicationContext
2025-10-14T10:03:16.479+08:00  INFO 2208 --- [api-platform] [restartedMain] w.s.c.ServletWebServerApplicationContext : Root WebApplicationContext: initialization completed in 405 ms
2025-10-14T10:03:16.502+08:00  INFO 2208 --- [api-platform] [restartedMain] o.hibernate.jpa.internal.util.LogHelper  : HHH000204: Processing PersistenceUnitInfo [name: default]
2025-10-14T10:03:16.504+08:00  INFO 2208 --- [api-platform] [restartedMain] o.h.c.internal.RegionFactoryInitiator    : HHH000026: Second-level cache disabled
2025-10-14T10:03:16.511+08:00  INFO 2208 --- [api-platform] [restartedMain] o.s.o.j.p.SpringPersistenceUnitInfo      : No LoadTimeWeaver setup: ignoring JPA class transformer
2025-10-14T10:03:16.512+08:00  WARN 2208 --- [api-platform] [restartedMain] org.hibernate.orm.deprecation            : HHH90000021: Encountered deprecated setting [hibernate.temp.use_jdbc_metadata_defaults], use [hibernate.boot.allow_jdbc_metadata_access] instead
2025-10-14T10:03:16.513+08:00  WARN 2208 --- [api-platform] [restartedMain] org.hibernate.orm.deprecation            : HHH90000025: SQLServerDialect does not need to be specified explicitly using 'hibernate.dialect' (remove the property setting and it will be selected by default)
2025-10-14T10:03:16.513+08:00  INFO 2208 --- [api-platform] [restartedMain] org.hibernate.orm.connections.pooling    : HHH10001005: Database info:
	Database JDBC URL [undefined/unknown]
	Database driver: undefined/unknown
	Database version: 11.0
	Autocommit mode: undefined/unknown
	Isolation level: <unknown>
	Minimum pool size: undefined/unknown
	Maximum pool size: undefined/unknown
2025-10-14T10:03:16.666+08:00  INFO 2208 --- [api-platform] [restartedMain] o.h.e.t.j.p.i.JtaPlatformInitiator       : HHH000489: No JTA platform available (set 'hibernate.transaction.jta.platform' to enable JTA platform integration)
2025-10-14T10:03:16.666+08:00  INFO 2208 --- [api-platform] [restartedMain] j.LocalContainerEntityManagerFactoryBean : Initialized JPA EntityManagerFactory for persistence unit 'default'
2025-10-14T10:03:16.748+08:00 DEBUG 2208 --- [api-platform] [restartedMain] c.b.apiplatform.filter.ApiKeyAuthFilter  : Filter 'apiKeyFilter' configured for use
2025-10-14T10:03:16.996+08:00  INFO 2208 --- [api-platform] [restartedMain] o.s.b.d.a.OptionalLiveReloadServer       : LiveReload server is running on port 35729
2025-10-14T10:03:17.000+08:00  INFO 2208 --- [api-platform] [restartedMain] o.s.b.a.e.web.EndpointLinksResolver      : Exposing 3 endpoints beneath base path '/actuator'
2025-10-14T10:03:17.023+08:00  INFO 2208 --- [api-platform] [restartedMain] o.s.b.w.embedded.tomcat.TomcatWebServer  : Tomcat started on port 8080 (http) with context path '/'
2025-10-14T10:03:17.029+08:00  INFO 2208 --- [api-platform] [restartedMain] c.b.apiplatform.ApiPlatformApplication   : Started ApiPlatformApplication in 0.976 seconds (process running for 1368.567)
2025-10-14T10:03:17.032+08:00  INFO 2208 --- [api-platform] [restartedMain] .ConditionEvaluationDeltaLoggingListener : Condition evaluation unchanged
2025-10-14T10:03:34.742+08:00  INFO 2208 --- [api-platform] [File Watcher] rtingClassPathChangeChangedEventListener : Restarting due to 1 class path change (0 additions, 0 deletions, 1 modification)
2025-10-14T10:03:34.744+08:00  INFO 2208 --- [api-platform] [Thread-11] o.s.b.w.e.tomcat.GracefulShutdown        : Commencing graceful shutdown. Waiting for active requests to complete
2025-10-14T10:03:34.904+08:00  INFO 2208 --- [api-platform] [tomcat-shutdown] o.s.b.w.e.tomcat.GracefulShutdown        : Graceful shutdown complete
2025-10-14T10:03:34.906+08:00  INFO 2208 --- [api-platform] [Thread-11] j.LocalContainerEntityManagerFactoryBean : Closing JPA EntityManagerFactory for persistence unit 'default'
2025-10-14T10:03:35.025+08:00  INFO 2208 --- [api-platform] [restartedMain] c.b.apiplatform.ApiPlatformApplication   : Starting ApiPlatformApplication using Java 17.0.16 with PID 2208 (D:\AIProject實作\APIPlatform\api-platform\target\classes started by Achilles in D:\AIProject實作\APIPlatform\api-platform)
2025-10-14T10:03:35.028+08:00 DEBUG 2208 --- [api-platform] [restartedMain] c.b.apiplatform.ApiPlatformApplication   : Running with Spring Boot v3.5.6, Spring v6.2.11
2025-10-14T10:03:35.028+08:00  INFO 2208 --- [api-platform] [restartedMain] c.b.apiplatform.ApiPlatformApplication   : No active profile set, falling back to 1 default profile: "default"
2025-10-14T10:03:35.255+08:00  INFO 2208 --- [api-platform] [restartedMain] .s.d.r.c.RepositoryConfigurationDelegate : Bootstrapping Spring Data JPA repositories in DEFAULT mode.
2025-10-14T10:03:35.298+08:00  INFO 2208 --- [api-platform] [restartedMain] .s.d.r.c.RepositoryConfigurationDelegate : Finished Spring Data repository scanning in 41 ms. Found 6 JPA repository interfaces.
2025-10-14T10:03:35.378+08:00  INFO 2208 --- [api-platform] [restartedMain] o.s.b.w.embedded.tomcat.TomcatWebServer  : Tomcat initialized with port 8080 (http)
2025-10-14T10:03:35.379+08:00  INFO 2208 --- [api-platform] [restartedMain] o.apache.catalina.core.StandardService   : Starting service [Tomcat]
2025-10-14T10:03:35.379+08:00  INFO 2208 --- [api-platform] [restartedMain] o.apache.catalina.core.StandardEngine    : Starting Servlet engine: [Apache Tomcat/10.1.46]
2025-10-14T10:03:35.400+08:00  INFO 2208 --- [api-platform] [restartedMain] o.a.c.c.C.[Tomcat-2].[localhost].[/]     : Initializing Spring embedded WebApplicationContext
2025-10-14T10:03:35.400+08:00  INFO 2208 --- [api-platform] [restartedMain] w.s.c.ServletWebServerApplicationContext : Root WebApplicationContext: initialization completed in 367 ms
2025-10-14T10:03:35.423+08:00  INFO 2208 --- [api-platform] [restartedMain] o.hibernate.jpa.internal.util.LogHelper  : HHH000204: Processing PersistenceUnitInfo [name: default]
2025-10-14T10:03:35.425+08:00  INFO 2208 --- [api-platform] [restartedMain] o.h.c.internal.RegionFactoryInitiator    : HHH000026: Second-level cache disabled
2025-10-14T10:03:35.432+08:00  INFO 2208 --- [api-platform] [restartedMain] o.s.o.j.p.SpringPersistenceUnitInfo      : No LoadTimeWeaver setup: ignoring JPA class transformer
2025-10-14T10:03:35.434+08:00  WARN 2208 --- [api-platform] [restartedMain] org.hibernate.orm.deprecation            : HHH90000021: Encountered deprecated setting [hibernate.temp.use_jdbc_metadata_defaults], use [hibernate.boot.allow_jdbc_metadata_access] instead
2025-10-14T10:03:35.435+08:00  WARN 2208 --- [api-platform] [restartedMain] org.hibernate.orm.deprecation            : HHH90000025: SQLServerDialect does not need to be specified explicitly using 'hibernate.dialect' (remove the property setting and it will be selected by default)
2025-10-14T10:03:35.436+08:00  INFO 2208 --- [api-platform] [restartedMain] org.hibernate.orm.connections.pooling    : HHH10001005: Database info:
	Database JDBC URL [undefined/unknown]
	Database driver: undefined/unknown
	Database version: 11.0
	Autocommit mode: undefined/unknown
	Isolation level: <unknown>
	Minimum pool size: undefined/unknown
	Maximum pool size: undefined/unknown
2025-10-14T10:03:35.568+08:00  INFO 2208 --- [api-platform] [restartedMain] o.h.e.t.j.p.i.JtaPlatformInitiator       : HHH000489: No JTA platform available (set 'hibernate.transaction.jta.platform' to enable JTA platform integration)
2025-10-14T10:03:35.568+08:00  INFO 2208 --- [api-platform] [restartedMain] j.LocalContainerEntityManagerFactoryBean : Initialized JPA EntityManagerFactory for persistence unit 'default'
2025-10-14T10:03:35.647+08:00 DEBUG 2208 --- [api-platform] [restartedMain] c.b.apiplatform.filter.ApiKeyAuthFilter  : Filter 'apiKeyFilter' configured for use
2025-10-14T10:03:35.861+08:00  INFO 2208 --- [api-platform] [restartedMain] o.s.b.d.a.OptionalLiveReloadServer       : LiveReload server is running on port 35729
2025-10-14T10:03:35.873+08:00  INFO 2208 --- [api-platform] [restartedMain] o.s.b.a.e.web.EndpointLinksResolver      : Exposing 3 endpoints beneath base path '/actuator'
2025-10-14T10:03:35.893+08:00  INFO 2208 --- [api-platform] [restartedMain] o.s.b.w.embedded.tomcat.TomcatWebServer  : Tomcat started on port 8080 (http) with context path '/'
2025-10-14T10:03:35.899+08:00  INFO 2208 --- [api-platform] [restartedMain] c.b.apiplatform.ApiPlatformApplication   : Started ApiPlatformApplication in 0.893 seconds (process running for 1387.437)
2025-10-14T10:03:35.902+08:00  INFO 2208 --- [api-platform] [restartedMain] .ConditionEvaluationDeltaLoggingListener : Condition evaluation unchanged
2025-10-14T10:03:54.656+08:00  INFO 2208 --- [api-platform] [File Watcher] rtingClassPathChangeChangedEventListener : Restarting due to 1 class path change (0 additions, 0 deletions, 1 modification)
2025-10-14T10:03:54.658+08:00  INFO 2208 --- [api-platform] [Thread-21] o.s.b.w.e.tomcat.GracefulShutdown        : Commencing graceful shutdown. Waiting for active requests to complete
2025-10-14T10:03:54.810+08:00  INFO 2208 --- [api-platform] [tomcat-shutdown] o.s.b.w.e.tomcat.GracefulShutdown        : Graceful shutdown complete
2025-10-14T10:03:54.814+08:00  INFO 2208 --- [api-platform] [Thread-21] j.LocalContainerEntityManagerFactoryBean : Closing JPA EntityManagerFactory for persistence unit 'default'
2025-10-14T10:03:54.941+08:00  INFO 2208 --- [api-platform] [restartedMain] c.b.apiplatform.ApiPlatformApplication   : Starting ApiPlatformApplication using Java 17.0.16 with PID 2208 (D:\AIProject實作\APIPlatform\api-platform\target\classes started by Achilles in D:\AIProject實作\APIPlatform\api-platform)
2025-10-14T10:03:54.942+08:00 DEBUG 2208 --- [api-platform] [restartedMain] c.b.apiplatform.ApiPlatformApplication   : Running with Spring Boot v3.5.6, Spring v6.2.11
2025-10-14T10:03:54.942+08:00  INFO 2208 --- [api-platform] [restartedMain] c.b.apiplatform.ApiPlatformApplication   : No active profile set, falling back to 1 default profile: "default"
2025-10-14T10:03:55.128+08:00  INFO 2208 --- [api-platform] [restartedMain] .s.d.r.c.RepositoryConfigurationDelegate : Bootstrapping Spring Data JPA repositories in DEFAULT mode.
2025-10-14T10:03:55.215+08:00  INFO 2208 --- [api-platform] [restartedMain] .s.d.r.c.RepositoryConfigurationDelegate : Finished Spring Data repository scanning in 85 ms. Found 6 JPA repository interfaces.
2025-10-14T10:03:55.271+08:00  INFO 2208 --- [api-platform] [restartedMain] o.s.b.w.embedded.tomcat.TomcatWebServer  : Tomcat initialized with port 8080 (http)
2025-10-14T10:03:55.272+08:00  INFO 2208 --- [api-platform] [restartedMain] o.apache.catalina.core.StandardService   : Starting service [Tomcat]
2025-10-14T10:03:55.272+08:00  INFO 2208 --- [api-platform] [restartedMain] o.apache.catalina.core.StandardEngine    : Starting Servlet engine: [Apache Tomcat/10.1.46]
2025-10-14T10:03:55.294+08:00  INFO 2208 --- [api-platform] [restartedMain] o.a.c.c.C.[Tomcat-2].[localhost].[/]     : Initializing Spring embedded WebApplicationContext
2025-10-14T10:03:55.295+08:00  INFO 2208 --- [api-platform] [restartedMain] w.s.c.ServletWebServerApplicationContext : Root WebApplicationContext: initialization completed in 352 ms
2025-10-14T10:03:55.314+08:00  INFO 2208 --- [api-platform] [restartedMain] o.hibernate.jpa.internal.util.LogHelper  : HHH000204: Processing PersistenceUnitInfo [name: default]
2025-10-14T10:03:55.316+08:00  INFO 2208 --- [api-platform] [restartedMain] o.h.c.internal.RegionFactoryInitiator    : HHH000026: Second-level cache disabled
2025-10-14T10:03:55.322+08:00  INFO 2208 --- [api-platform] [restartedMain] o.s.o.j.p.SpringPersistenceUnitInfo      : No LoadTimeWeaver setup: ignoring JPA class transformer
2025-10-14T10:03:55.323+08:00  WARN 2208 --- [api-platform] [restartedMain] org.hibernate.orm.deprecation            : HHH90000021: Encountered deprecated setting [hibernate.temp.use_jdbc_metadata_defaults], use [hibernate.boot.allow_jdbc_metadata_access] instead
2025-10-14T10:03:55.324+08:00  WARN 2208 --- [api-platform] [restartedMain] org.hibernate.orm.deprecation            : HHH90000025: SQLServerDialect does not need to be specified explicitly using 'hibernate.dialect' (remove the property setting and it will be selected by default)
2025-10-14T10:03:55.324+08:00  INFO 2208 --- [api-platform] [restartedMain] org.hibernate.orm.connections.pooling    : HHH10001005: Database info:
	Database JDBC URL [undefined/unknown]
	Database driver: undefined/unknown
	Database version: 11.0
	Autocommit mode: undefined/unknown
	Isolation level: <unknown>
	Minimum pool size: undefined/unknown
	Maximum pool size: undefined/unknown
2025-10-14T10:03:55.457+08:00  INFO 2208 --- [api-platform] [restartedMain] o.h.e.t.j.p.i.JtaPlatformInitiator       : HHH000489: No JTA platform available (set 'hibernate.transaction.jta.platform' to enable JTA platform integration)
2025-10-14T10:03:55.458+08:00  INFO 2208 --- [api-platform] [restartedMain] j.LocalContainerEntityManagerFactoryBean : Initialized JPA EntityManagerFactory for persistence unit 'default'
2025-10-14T10:03:55.531+08:00 DEBUG 2208 --- [api-platform] [restartedMain] c.b.apiplatform.filter.ApiKeyAuthFilter  : Filter 'apiKeyFilter' configured for use
2025-10-14T10:03:55.711+08:00  INFO 2208 --- [api-platform] [restartedMain] o.s.b.d.a.OptionalLiveReloadServer       : LiveReload server is running on port 35729
2025-10-14T10:03:55.713+08:00  INFO 2208 --- [api-platform] [restartedMain] o.s.b.a.e.web.EndpointLinksResolver      : Exposing 3 endpoints beneath base path '/actuator'
2025-10-14T10:03:55.729+08:00  INFO 2208 --- [api-platform] [restartedMain] o.s.b.w.embedded.tomcat.TomcatWebServer  : Tomcat started on port 8080 (http) with context path '/'
2025-10-14T10:03:55.740+08:00  INFO 2208 --- [api-platform] [restartedMain] c.b.apiplatform.ApiPlatformApplication   : Started ApiPlatformApplication in 0.82 seconds (process running for 1407.277)
2025-10-14T10:03:55.742+08:00  INFO 2208 --- [api-platform] [restartedMain] .ConditionEvaluationDeltaLoggingListener : Condition evaluation unchanged
2025-10-14T10:04:20.580+08:00  INFO 2208 --- [api-platform] [File Watcher] rtingClassPathChangeChangedEventListener : Restarting due to 1 class path change (0 additions, 0 deletions, 1 modification)
2025-10-14T10:04:20.582+08:00  INFO 2208 --- [api-platform] [Thread-25] o.s.b.w.e.tomcat.GracefulShutdown        : Commencing graceful shutdown. Waiting for active requests to complete
2025-10-14T10:04:20.721+08:00  INFO 2208 --- [api-platform] [tomcat-shutdown] o.s.b.w.e.tomcat.GracefulShutdown        : Graceful shutdown complete
2025-10-14T10:04:20.725+08:00  INFO 2208 --- [api-platform] [Thread-25] j.LocalContainerEntityManagerFactoryBean : Closing JPA EntityManagerFactory for persistence unit 'default'
2025-10-14T10:04:20.889+08:00  INFO 2208 --- [api-platform] [restartedMain] c.b.apiplatform.ApiPlatformApplication   : Starting ApiPlatformApplication using Java 17.0.16 with PID 2208 (D:\AIProject實作\APIPlatform\api-platform\target\classes started by Achilles in D:\AIProject實作\APIPlatform\api-platform)
2025-10-14T10:04:20.889+08:00 DEBUG 2208 --- [api-platform] [restartedMain] c.b.apiplatform.ApiPlatformApplication   : Running with Spring Boot v3.5.6, Spring v6.2.11
2025-10-14T10:04:20.889+08:00  INFO 2208 --- [api-platform] [restartedMain] c.b.apiplatform.ApiPlatformApplication   : No active profile set, falling back to 1 default profile: "default"
2025-10-14T10:04:21.114+08:00  INFO 2208 --- [api-platform] [restartedMain] .s.d.r.c.RepositoryConfigurationDelegate : Bootstrapping Spring Data JPA repositories in DEFAULT mode.
2025-10-14T10:04:21.143+08:00  INFO 2208 --- [api-platform] [restartedMain] .s.d.r.c.RepositoryConfigurationDelegate : Finished Spring Data repository scanning in 27 ms. Found 6 JPA repository interfaces.
2025-10-14T10:04:21.230+08:00  INFO 2208 --- [api-platform] [restartedMain] o.s.b.w.embedded.tomcat.TomcatWebServer  : Tomcat initialized with port 8080 (http)
2025-10-14T10:04:21.231+08:00  INFO 2208 --- [api-platform] [restartedMain] o.apache.catalina.core.StandardService   : Starting service [Tomcat]
2025-10-14T10:04:21.232+08:00  INFO 2208 --- [api-platform] [restartedMain] o.apache.catalina.core.StandardEngine    : Starting Servlet engine: [Apache Tomcat/10.1.46]
2025-10-14T10:04:21.253+08:00  INFO 2208 --- [api-platform] [restartedMain] o.a.c.c.C.[Tomcat-2].[localhost].[/]     : Initializing Spring embedded WebApplicationContext
2025-10-14T10:04:21.253+08:00  INFO 2208 --- [api-platform] [restartedMain] w.s.c.ServletWebServerApplicationContext : Root WebApplicationContext: initialization completed in 362 ms
2025-10-14T10:04:21.272+08:00  INFO 2208 --- [api-platform] [restartedMain] o.hibernate.jpa.internal.util.LogHelper  : HHH000204: Processing PersistenceUnitInfo [name: default]
2025-10-14T10:04:21.274+08:00  INFO 2208 --- [api-platform] [restartedMain] o.h.c.internal.RegionFactoryInitiator    : HHH000026: Second-level cache disabled
2025-10-14T10:04:21.279+08:00  INFO 2208 --- [api-platform] [restartedMain] o.s.o.j.p.SpringPersistenceUnitInfo      : No LoadTimeWeaver setup: ignoring JPA class transformer
2025-10-14T10:04:21.281+08:00  WARN 2208 --- [api-platform] [restartedMain] org.hibernate.orm.deprecation            : HHH90000021: Encountered deprecated setting [hibernate.temp.use_jdbc_metadata_defaults], use [hibernate.boot.allow_jdbc_metadata_access] instead
2025-10-14T10:04:21.281+08:00  WARN 2208 --- [api-platform] [restartedMain] org.hibernate.orm.deprecation            : HHH90000025: SQLServerDialect does not need to be specified explicitly using 'hibernate.dialect' (remove the property setting and it will be selected by default)
2025-10-14T10:04:21.281+08:00  INFO 2208 --- [api-platform] [restartedMain] org.hibernate.orm.connections.pooling    : HHH10001005: Database info:
	Database JDBC URL [undefined/unknown]
	Database driver: undefined/unknown
	Database version: 11.0
	Autocommit mode: undefined/unknown
	Isolation level: <unknown>
	Minimum pool size: undefined/unknown
	Maximum pool size: undefined/unknown
2025-10-14T10:04:21.398+08:00  INFO 2208 --- [api-platform] [restartedMain] o.h.e.t.j.p.i.JtaPlatformInitiator       : HHH000489: No JTA platform available (set 'hibernate.transaction.jta.platform' to enable JTA platform integration)
2025-10-14T10:04:21.398+08:00  INFO 2208 --- [api-platform] [restartedMain] j.LocalContainerEntityManagerFactoryBean : Initialized JPA EntityManagerFactory for persistence unit 'default'
2025-10-14T10:04:21.485+08:00 DEBUG 2208 --- [api-platform] [restartedMain] c.b.apiplatform.filter.ApiKeyAuthFilter  : Filter 'apiKeyFilter' configured for use
2025-10-14T10:04:21.697+08:00  INFO 2208 --- [api-platform] [restartedMain] o.s.b.d.a.OptionalLiveReloadServer       : LiveReload server is running on port 35729
2025-10-14T10:04:21.699+08:00  INFO 2208 --- [api-platform] [restartedMain] o.s.b.a.e.web.EndpointLinksResolver      : Exposing 3 endpoints beneath base path '/actuator'
2025-10-14T10:04:21.719+08:00  INFO 2208 --- [api-platform] [restartedMain] o.s.b.w.embedded.tomcat.TomcatWebServer  : Tomcat started on port 8080 (http) with context path '/'
2025-10-14T10:04:21.726+08:00  INFO 2208 --- [api-platform] [restartedMain] c.b.apiplatform.ApiPlatformApplication   : Started ApiPlatformApplication in 0.855 seconds (process running for 1433.263)
2025-10-14T10:04:21.728+08:00  INFO 2208 --- [api-platform] [restartedMain] .ConditionEvaluationDeltaLoggingListener : Condition evaluation unchanged
2025-10-14T10:04:55.740+08:00  INFO 2208 --- [api-platform] [File Watcher] rtingClassPathChangeChangedEventListener : Restarting due to 1 class path change (0 additions, 0 deletions, 1 modification)
2025-10-14T10:04:55.742+08:00  INFO 2208 --- [api-platform] [Thread-29] o.s.b.w.e.tomcat.GracefulShutdown        : Commencing graceful shutdown. Waiting for active requests to complete
2025-10-14T10:04:55.882+08:00  INFO 2208 --- [api-platform] [tomcat-shutdown] o.s.b.w.e.tomcat.GracefulShutdown        : Graceful shutdown complete
2025-10-14T10:04:55.884+08:00  INFO 2208 --- [api-platform] [Thread-29] j.LocalContainerEntityManagerFactoryBean : Closing JPA EntityManagerFactory for persistence unit 'default'
2025-10-14T10:04:56.015+08:00  INFO 2208 --- [api-platform] [restartedMain] c.b.apiplatform.ApiPlatformApplication   : Starting ApiPlatformApplication using Java 17.0.16 with PID 2208 (D:\AIProject實作\APIPlatform\api-platform\target\classes started by Achilles in D:\AIProject實作\APIPlatform\api-platform)
2025-10-14T10:04:56.016+08:00 DEBUG 2208 --- [api-platform] [restartedMain] c.b.apiplatform.ApiPlatformApplication   : Running with Spring Boot v3.5.6, Spring v6.2.11
2025-10-14T10:04:56.016+08:00  INFO 2208 --- [api-platform] [restartedMain] c.b.apiplatform.ApiPlatformApplication   : No active profile set, falling back to 1 default profile: "default"
2025-10-14T10:04:56.200+08:00  INFO 2208 --- [api-platform] [restartedMain] .s.d.r.c.RepositoryConfigurationDelegate : Bootstrapping Spring Data JPA repositories in DEFAULT mode.
2025-10-14T10:04:56.243+08:00  INFO 2208 --- [api-platform] [restartedMain] .s.d.r.c.RepositoryConfigurationDelegate : Finished Spring Data repository scanning in 41 ms. Found 6 JPA repository interfaces.
2025-10-14T10:04:56.295+08:00  INFO 2208 --- [api-platform] [restartedMain] o.s.b.w.embedded.tomcat.TomcatWebServer  : Tomcat initialized with port 8080 (http)
2025-10-14T10:04:56.296+08:00  INFO 2208 --- [api-platform] [restartedMain] o.apache.catalina.core.StandardService   : Starting service [Tomcat]
2025-10-14T10:04:56.296+08:00  INFO 2208 --- [api-platform] [restartedMain] o.apache.catalina.core.StandardEngine    : Starting Servlet engine: [Apache Tomcat/10.1.46]
2025-10-14T10:04:56.312+08:00  INFO 2208 --- [api-platform] [restartedMain] o.a.c.c.C.[Tomcat-2].[localhost].[/]     : Initializing Spring embedded WebApplicationContext
2025-10-14T10:04:56.313+08:00  INFO 2208 --- [api-platform] [restartedMain] w.s.c.ServletWebServerApplicationContext : Root WebApplicationContext: initialization completed in 296 ms
2025-10-14T10:04:56.329+08:00  INFO 2208 --- [api-platform] [restartedMain] o.hibernate.jpa.internal.util.LogHelper  : HHH000204: Processing PersistenceUnitInfo [name: default]
2025-10-14T10:04:56.331+08:00  INFO 2208 --- [api-platform] [restartedMain] o.h.c.internal.RegionFactoryInitiator    : HHH000026: Second-level cache disabled
2025-10-14T10:04:56.338+08:00  INFO 2208 --- [api-platform] [restartedMain] o.s.o.j.p.SpringPersistenceUnitInfo      : No LoadTimeWeaver setup: ignoring JPA class transformer
2025-10-14T10:04:56.338+08:00  WARN 2208 --- [api-platform] [restartedMain] org.hibernate.orm.deprecation            : HHH90000021: Encountered deprecated setting [hibernate.temp.use_jdbc_metadata_defaults], use [hibernate.boot.allow_jdbc_metadata_access] instead
2025-10-14T10:04:56.338+08:00  WARN 2208 --- [api-platform] [restartedMain] org.hibernate.orm.deprecation            : HHH90000025: SQLServerDialect does not need to be specified explicitly using 'hibernate.dialect' (remove the property setting and it will be selected by default)
2025-10-14T10:04:56.339+08:00  INFO 2208 --- [api-platform] [restartedMain] org.hibernate.orm.connections.pooling    : HHH10001005: Database info:
	Database JDBC URL [undefined/unknown]
	Database driver: undefined/unknown
	Database version: 11.0
	Autocommit mode: undefined/unknown
	Isolation level: <unknown>
	Minimum pool size: undefined/unknown
	Maximum pool size: undefined/unknown
2025-10-14T10:04:56.448+08:00  INFO 2208 --- [api-platform] [restartedMain] o.h.e.t.j.p.i.JtaPlatformInitiator       : HHH000489: No JTA platform available (set 'hibernate.transaction.jta.platform' to enable JTA platform integration)
2025-10-14T10:04:56.448+08:00  INFO 2208 --- [api-platform] [restartedMain] j.LocalContainerEntityManagerFactoryBean : Initialized JPA EntityManagerFactory for persistence unit 'default'
2025-10-14T10:04:56.519+08:00 DEBUG 2208 --- [api-platform] [restartedMain] c.b.apiplatform.filter.ApiKeyAuthFilter  : Filter 'apiKeyFilter' configured for use
2025-10-14T10:04:56.707+08:00  INFO 2208 --- [api-platform] [restartedMain] o.s.b.d.a.OptionalLiveReloadServer       : LiveReload server is running on port 35729
2025-10-14T10:04:56.709+08:00  INFO 2208 --- [api-platform] [restartedMain] o.s.b.a.e.web.EndpointLinksResolver      : Exposing 3 endpoints beneath base path '/actuator'
2025-10-14T10:04:56.726+08:00  INFO 2208 --- [api-platform] [restartedMain] o.s.b.w.embedded.tomcat.TomcatWebServer  : Tomcat started on port 8080 (http) with context path '/'
2025-10-14T10:04:56.732+08:00  INFO 2208 --- [api-platform] [restartedMain] c.b.apiplatform.ApiPlatformApplication   : Started ApiPlatformApplication in 0.735 seconds (process running for 1468.269)
2025-10-14T10:04:56.741+08:00  INFO 2208 --- [api-platform] [restartedMain] .ConditionEvaluationDeltaLoggingListener : Condition evaluation unchanged
2025-10-14T10:06:38.108+08:00  INFO 2208 --- [api-platform] [File Watcher] rtingClassPathChangeChangedEventListener : Restarting due to 1 class path change (0 additions, 0 deletions, 1 modification)
2025-10-14T10:06:38.109+08:00  INFO 2208 --- [api-platform] [Thread-33] o.s.b.w.e.tomcat.GracefulShutdown        : Commencing graceful shutdown. Waiting for active requests to complete
2025-10-14T10:06:38.253+08:00  INFO 2208 --- [api-platform] [tomcat-shutdown] o.s.b.w.e.tomcat.GracefulShutdown        : Graceful shutdown complete
2025-10-14T10:06:38.255+08:00  INFO 2208 --- [api-platform] [Thread-33] j.LocalContainerEntityManagerFactoryBean : Closing JPA EntityManagerFactory for persistence unit 'default'
2025-10-14T10:06:38.377+08:00  INFO 2208 --- [api-platform] [restartedMain] c.b.apiplatform.ApiPlatformApplication   : Starting ApiPlatformApplication using Java 17.0.16 with PID 2208 (D:\AIProject實作\APIPlatform\api-platform\target\classes started by Achilles in D:\AIProject實作\APIPlatform\api-platform)
2025-10-14T10:06:38.377+08:00 DEBUG 2208 --- [api-platform] [restartedMain] c.b.apiplatform.ApiPlatformApplication   : Running with Spring Boot v3.5.6, Spring v6.2.11
2025-10-14T10:06:38.377+08:00  INFO 2208 --- [api-platform] [restartedMain] c.b.apiplatform.ApiPlatformApplication   : No active profile set, falling back to 1 default profile: "default"
2025-10-14T10:06:38.593+08:00  INFO 2208 --- [api-platform] [restartedMain] .s.d.r.c.RepositoryConfigurationDelegate : Bootstrapping Spring Data JPA repositories in DEFAULT mode.
2025-10-14T10:06:38.630+08:00  INFO 2208 --- [api-platform] [restartedMain] .s.d.r.c.RepositoryConfigurationDelegate : Finished Spring Data repository scanning in 35 ms. Found 6 JPA repository interfaces.
2025-10-14T10:06:38.692+08:00  INFO 2208 --- [api-platform] [restartedMain] o.s.b.w.embedded.tomcat.TomcatWebServer  : Tomcat initialized with port 8080 (http)
2025-10-14T10:06:38.692+08:00  INFO 2208 --- [api-platform] [restartedMain] o.apache.catalina.core.StandardService   : Starting service [Tomcat]
2025-10-14T10:06:38.693+08:00  INFO 2208 --- [api-platform] [restartedMain] o.apache.catalina.core.StandardEngine    : Starting Servlet engine: [Apache Tomcat/10.1.46]
2025-10-14T10:06:38.714+08:00  INFO 2208 --- [api-platform] [restartedMain] o.a.c.c.C.[Tomcat-2].[localhost].[/]     : Initializing Spring embedded WebApplicationContext
2025-10-14T10:06:38.714+08:00  INFO 2208 --- [api-platform] [restartedMain] w.s.c.ServletWebServerApplicationContext : Root WebApplicationContext: initialization completed in 336 ms
2025-10-14T10:06:38.730+08:00  INFO 2208 --- [api-platform] [restartedMain] o.hibernate.jpa.internal.util.LogHelper  : HHH000204: Processing PersistenceUnitInfo [name: default]
2025-10-14T10:06:38.731+08:00  INFO 2208 --- [api-platform] [restartedMain] o.h.c.internal.RegionFactoryInitiator    : HHH000026: Second-level cache disabled
2025-10-14T10:06:38.739+08:00  INFO 2208 --- [api-platform] [restartedMain] o.s.o.j.p.SpringPersistenceUnitInfo      : No LoadTimeWeaver setup: ignoring JPA class transformer
2025-10-14T10:06:38.740+08:00  WARN 2208 --- [api-platform] [restartedMain] org.hibernate.orm.deprecation            : HHH90000021: Encountered deprecated setting [hibernate.temp.use_jdbc_metadata_defaults], use [hibernate.boot.allow_jdbc_metadata_access] instead
2025-10-14T10:06:38.740+08:00  WARN 2208 --- [api-platform] [restartedMain] org.hibernate.orm.deprecation            : HHH90000025: SQLServerDialect does not need to be specified explicitly using 'hibernate.dialect' (remove the property setting and it will be selected by default)
2025-10-14T10:06:38.740+08:00  INFO 2208 --- [api-platform] [restartedMain] org.hibernate.orm.connections.pooling    : HHH10001005: Database info:
	Database JDBC URL [undefined/unknown]
	Database driver: undefined/unknown
	Database version: 11.0
	Autocommit mode: undefined/unknown
	Isolation level: <unknown>
	Minimum pool size: undefined/unknown
	Maximum pool size: undefined/unknown
2025-10-14T10:06:38.882+08:00  INFO 2208 --- [api-platform] [restartedMain] o.h.e.t.j.p.i.JtaPlatformInitiator       : HHH000489: No JTA platform available (set 'hibernate.transaction.jta.platform' to enable JTA platform integration)
2025-10-14T10:06:38.883+08:00  INFO 2208 --- [api-platform] [restartedMain] j.LocalContainerEntityManagerFactoryBean : Initialized JPA EntityManagerFactory for persistence unit 'default'
2025-10-14T10:06:38.944+08:00 DEBUG 2208 --- [api-platform] [restartedMain] c.b.apiplatform.filter.ApiKeyAuthFilter  : Filter 'apiKeyFilter' configured for use
2025-10-14T10:06:39.139+08:00  INFO 2208 --- [api-platform] [restartedMain] o.s.b.d.a.OptionalLiveReloadServer       : LiveReload server is running on port 35729
2025-10-14T10:06:39.140+08:00  INFO 2208 --- [api-platform] [restartedMain] o.s.b.a.e.web.EndpointLinksResolver      : Exposing 3 endpoints beneath base path '/actuator'
2025-10-14T10:06:39.164+08:00  INFO 2208 --- [api-platform] [restartedMain] o.s.b.w.embedded.tomcat.TomcatWebServer  : Tomcat started on port 8080 (http) with context path '/'
2025-10-14T10:06:39.171+08:00  INFO 2208 --- [api-platform] [restartedMain] c.b.apiplatform.ApiPlatformApplication   : Started ApiPlatformApplication in 0.818 seconds (process running for 1570.709)
2025-10-14T10:06:39.174+08:00  INFO 2208 --- [api-platform] [restartedMain] .ConditionEvaluationDeltaLoggingListener : Condition evaluation unchanged
2025-10-14T10:06:41.585+08:00  INFO 2208 --- [api-platform] [File Watcher] rtingClassPathChangeChangedEventListener : Restarting due to 1 class path change (0 additions, 0 deletions, 1 modification)
2025-10-14T10:06:41.587+08:00  INFO 2208 --- [api-platform] [Thread-37] o.s.b.w.e.tomcat.GracefulShutdown        : Commencing graceful shutdown. Waiting for active requests to complete
2025-10-14T10:06:41.740+08:00  INFO 2208 --- [api-platform] [tomcat-shutdown] o.s.b.w.e.tomcat.GracefulShutdown        : Graceful shutdown complete
2025-10-14T10:06:41.744+08:00  INFO 2208 --- [api-platform] [Thread-37] j.LocalContainerEntityManagerFactoryBean : Closing JPA EntityManagerFactory for persistence unit 'default'
2025-10-14T10:06:41.854+08:00  INFO 2208 --- [api-platform] [restartedMain] c.b.apiplatform.ApiPlatformApplication   : Starting ApiPlatformApplication using Java 17.0.16 with PID 2208 (D:\AIProject實作\APIPlatform\api-platform\target\classes started by Achilles in D:\AIProject實作\APIPlatform\api-platform)
2025-10-14T10:06:41.854+08:00 DEBUG 2208 --- [api-platform] [restartedMain] c.b.apiplatform.ApiPlatformApplication   : Running with Spring Boot v3.5.6, Spring v6.2.11
2025-10-14T10:06:41.855+08:00  INFO 2208 --- [api-platform] [restartedMain] c.b.apiplatform.ApiPlatformApplication   : No active profile set, falling back to 1 default profile: "default"
2025-10-14T10:06:42.039+08:00  INFO 2208 --- [api-platform] [restartedMain] .s.d.r.c.RepositoryConfigurationDelegate : Bootstrapping Spring Data JPA repositories in DEFAULT mode.
2025-10-14T10:06:42.069+08:00  INFO 2208 --- [api-platform] [restartedMain] .s.d.r.c.RepositoryConfigurationDelegate : Finished Spring Data repository scanning in 27 ms. Found 6 JPA repository interfaces.
2025-10-14T10:06:42.156+08:00  INFO 2208 --- [api-platform] [restartedMain] o.s.b.w.embedded.tomcat.TomcatWebServer  : Tomcat initialized with port 8080 (http)
2025-10-14T10:06:42.157+08:00  INFO 2208 --- [api-platform] [restartedMain] o.apache.catalina.core.StandardService   : Starting service [Tomcat]
2025-10-14T10:06:42.158+08:00  INFO 2208 --- [api-platform] [restartedMain] o.apache.catalina.core.StandardEngine    : Starting Servlet engine: [Apache Tomcat/10.1.46]
2025-10-14T10:06:42.185+08:00  INFO 2208 --- [api-platform] [restartedMain] o.a.c.c.C.[Tomcat-2].[localhost].[/]     : Initializing Spring embedded WebApplicationContext
2025-10-14T10:06:42.185+08:00  INFO 2208 --- [api-platform] [restartedMain] w.s.c.ServletWebServerApplicationContext : Root WebApplicationContext: initialization completed in 329 ms
2025-10-14T10:06:42.205+08:00  INFO 2208 --- [api-platform] [restartedMain] o.hibernate.jpa.internal.util.LogHelper  : HHH000204: Processing PersistenceUnitInfo [name: default]
2025-10-14T10:06:42.207+08:00  INFO 2208 --- [api-platform] [restartedMain] o.h.c.internal.RegionFactoryInitiator    : HHH000026: Second-level cache disabled
2025-10-14T10:06:42.214+08:00  INFO 2208 --- [api-platform] [restartedMain] o.s.o.j.p.SpringPersistenceUnitInfo      : No LoadTimeWeaver setup: ignoring JPA class transformer
2025-10-14T10:06:42.214+08:00  WARN 2208 --- [api-platform] [restartedMain] org.hibernate.orm.deprecation            : HHH90000021: Encountered deprecated setting [hibernate.temp.use_jdbc_metadata_defaults], use [hibernate.boot.allow_jdbc_metadata_access] instead
2025-10-14T10:06:42.215+08:00  WARN 2208 --- [api-platform] [restartedMain] org.hibernate.orm.deprecation            : HHH90000025: SQLServerDialect does not need to be specified explicitly using 'hibernate.dialect' (remove the property setting and it will be selected by default)
2025-10-14T10:06:42.215+08:00  INFO 2208 --- [api-platform] [restartedMain] org.hibernate.orm.connections.pooling    : HHH10001005: Database info:
	Database JDBC URL [undefined/unknown]
	Database driver: undefined/unknown
	Database version: 11.0
	Autocommit mode: undefined/unknown
	Isolation level: <unknown>
	Minimum pool size: undefined/unknown
	Maximum pool size: undefined/unknown
2025-10-14T10:06:42.311+08:00  INFO 2208 --- [api-platform] [restartedMain] o.h.e.t.j.p.i.JtaPlatformInitiator       : HHH000489: No JTA platform available (set 'hibernate.transaction.jta.platform' to enable JTA platform integration)
2025-10-14T10:06:42.311+08:00  INFO 2208 --- [api-platform] [restartedMain] j.LocalContainerEntityManagerFactoryBean : Initialized JPA EntityManagerFactory for persistence unit 'default'
2025-10-14T10:06:42.380+08:00 DEBUG 2208 --- [api-platform] [restartedMain] c.b.apiplatform.filter.ApiKeyAuthFilter  : Filter 'apiKeyFilter' configured for use
2025-10-14T10:06:42.578+08:00  INFO 2208 --- [api-platform] [restartedMain] o.s.b.d.a.OptionalLiveReloadServer       : LiveReload server is running on port 35729
2025-10-14T10:06:42.579+08:00  INFO 2208 --- [api-platform] [restartedMain] o.s.b.a.e.web.EndpointLinksResolver      : Exposing 3 endpoints beneath base path '/actuator'
2025-10-14T10:06:42.592+08:00  INFO 2208 --- [api-platform] [restartedMain] o.s.b.w.embedded.tomcat.TomcatWebServer  : Tomcat started on port 8080 (http) with context path '/'
2025-10-14T10:06:42.596+08:00  INFO 2208 --- [api-platform] [restartedMain] c.b.apiplatform.ApiPlatformApplication   : Started ApiPlatformApplication in 0.76 seconds (process running for 1574.134)
2025-10-14T10:06:42.598+08:00  INFO 2208 --- [api-platform] [restartedMain] .ConditionEvaluationDeltaLoggingListener : Condition evaluation unchanged
2025-10-14T10:06:53.354+08:00  INFO 20152 --- [api-platform] [restartedMain] c.b.apiplatform.ApiPlatformApplication   : Starting ApiPlatformApplication using Java 17.0.16 with PID 20152 (D:\AIProject實作\APIPlatform\api-platform\target\classes started by Achilles in D:\AIProject實作\APIPlatform\api-platform)
2025-10-14T10:06:53.358+08:00 DEBUG 20152 --- [api-platform] [restartedMain] c.b.apiplatform.ApiPlatformApplication   : Running with Spring Boot v3.5.6, Spring v6.2.11
2025-10-14T10:06:53.359+08:00  INFO 20152 --- [api-platform] [restartedMain] c.b.apiplatform.ApiPlatformApplication   : No active profile set, falling back to 1 default profile: "default"
2025-10-14T10:06:53.424+08:00  INFO 20152 --- [api-platform] [restartedMain] o.s.b.devtools.restart.ChangeableUrls    : The Class-Path manifest attribute in C:\Users\Achilles\.m2\repository\com\oracle\database\jdbc\ojdbc11\21.9.0.0\ojdbc11-21.9.0.0.jar referenced one or more files that do not exist: file:/C:/Users/Achilles/.m2/repository/com/oracle/database/jdbc/ojdbc11/21.9.0.0/oraclepki.jar
2025-10-14T10:06:53.425+08:00  INFO 20152 --- [api-platform] [restartedMain] .e.DevToolsPropertyDefaultsPostProcessor : Devtools property defaults active! Set 'spring.devtools.add-properties' to 'false' to disable
2025-10-14T10:06:53.425+08:00  INFO 20152 --- [api-platform] [restartedMain] .e.DevToolsPropertyDefaultsPostProcessor : For additional web related logging consider setting the 'logging.level.web' property to 'DEBUG'
2025-10-14T10:06:55.316+08:00  INFO 20152 --- [api-platform] [restartedMain] .s.d.r.c.RepositoryConfigurationDelegate : Bootstrapping Spring Data JPA repositories in DEFAULT mode.
2025-10-14T10:06:55.433+08:00  INFO 20152 --- [api-platform] [restartedMain] .s.d.r.c.RepositoryConfigurationDelegate : Finished Spring Data repository scanning in 100 ms. Found 6 JPA repository interfaces.
2025-10-14T10:06:56.777+08:00  INFO 20152 --- [api-platform] [restartedMain] o.s.b.w.embedded.tomcat.TomcatWebServer  : Tomcat initialized with port 8080 (http)
2025-10-14T10:06:56.805+08:00  INFO 20152 --- [api-platform] [restartedMain] o.apache.catalina.core.StandardService   : Starting service [Tomcat]
2025-10-14T10:06:56.805+08:00  INFO 20152 --- [api-platform] [restartedMain] o.apache.catalina.core.StandardEngine    : Starting Servlet engine: [Apache Tomcat/10.1.46]
2025-10-14T10:06:56.885+08:00  INFO 20152 --- [api-platform] [restartedMain] o.a.c.c.C.[Tomcat].[localhost].[/]       : Initializing Spring embedded WebApplicationContext
2025-10-14T10:06:56.886+08:00  INFO 20152 --- [api-platform] [restartedMain] w.s.c.ServletWebServerApplicationContext : Root WebApplicationContext: initialization completed in 3458 ms
2025-10-14T10:06:57.204+08:00  INFO 20152 --- [api-platform] [restartedMain] o.hibernate.jpa.internal.util.LogHelper  : HHH000204: Processing PersistenceUnitInfo [name: default]
2025-10-14T10:06:57.326+08:00  INFO 20152 --- [api-platform] [restartedMain] org.hibernate.Version                    : HHH000412: Hibernate ORM core version 6.6.29.Final
2025-10-14T10:06:57.451+08:00  INFO 20152 --- [api-platform] [restartedMain] o.h.c.internal.RegionFactoryInitiator    : HHH000026: Second-level cache disabled
2025-10-14T10:06:57.756+08:00  INFO 20152 --- [api-platform] [restartedMain] o.s.o.j.p.SpringPersistenceUnitInfo      : No LoadTimeWeaver setup: ignoring JPA class transformer
2025-10-14T10:06:57.771+08:00  WARN 20152 --- [api-platform] [restartedMain] org.hibernate.orm.deprecation            : HHH90000021: Encountered deprecated setting [hibernate.temp.use_jdbc_metadata_defaults], use [hibernate.boot.allow_jdbc_metadata_access] instead
2025-10-14T10:06:57.791+08:00  WARN 20152 --- [api-platform] [restartedMain] org.hibernate.orm.deprecation            : HHH90000025: SQLServerDialect does not need to be specified explicitly using 'hibernate.dialect' (remove the property setting and it will be selected by default)
2025-10-14T10:06:57.818+08:00  INFO 20152 --- [api-platform] [restartedMain] org.hibernate.orm.connections.pooling    : HHH10001005: Database info:
	Database JDBC URL [undefined/unknown]
	Database driver: undefined/unknown
	Database version: 11.0
	Autocommit mode: undefined/unknown
	Isolation level: <unknown>
	Minimum pool size: undefined/unknown
	Maximum pool size: undefined/unknown
2025-10-14T10:06:58.946+08:00  INFO 20152 --- [api-platform] [restartedMain] o.h.e.t.j.p.i.JtaPlatformInitiator       : HHH000489: No JTA platform available (set 'hibernate.transaction.jta.platform' to enable JTA platform integration)
2025-10-14T10:06:58.951+08:00  INFO 20152 --- [api-platform] [restartedMain] j.LocalContainerEntityManagerFactoryBean : Initialized JPA EntityManagerFactory for persistence unit 'default'
2025-10-14T10:06:59.247+08:00  INFO 20152 --- [api-platform] [restartedMain] o.s.d.j.r.query.QueryEnhancerFactory     : Hibernate is in classpath; If applicable, HQL parser will be used.
2025-10-14T10:07:00.067+08:00 DEBUG 20152 --- [api-platform] [restartedMain] c.b.apiplatform.filter.ApiKeyAuthFilter  : Filter 'apiKeyFilter' configured for use
2025-10-14T10:07:01.525+08:00  INFO 20152 --- [api-platform] [restartedMain] o.s.b.d.a.OptionalLiveReloadServer       : LiveReload server is running on port 35729
2025-10-14T10:07:01.537+08:00  INFO 20152 --- [api-platform] [restartedMain] o.s.b.a.e.web.EndpointLinksResolver      : Exposing 3 endpoints beneath base path '/actuator'
2025-10-14T10:07:01.714+08:00  INFO 20152 --- [api-platform] [restartedMain] o.s.b.w.embedded.tomcat.TomcatWebServer  : Tomcat started on port 8080 (http) with context path '/'
2025-10-14T10:07:01.737+08:00  INFO 20152 --- [api-platform] [restartedMain] c.b.apiplatform.ApiPlatformApplication   : Started ApiPlatformApplication in 9.018 seconds (process running for 9.519)
2025-10-14T10:07:07.052+08:00  INFO 20152 --- [api-platform] [http-nio-8080-exec-1] o.a.c.c.C.[Tomcat].[localhost].[/]       : Initializing Spring DispatcherServlet 'dispatcherServlet'
2025-10-14T10:07:07.052+08:00  INFO 20152 --- [api-platform] [http-nio-8080-exec-1] o.s.web.servlet.DispatcherServlet        : Initializing Servlet 'dispatcherServlet'
2025-10-14T10:07:07.053+08:00  INFO 20152 --- [api-platform] [http-nio-8080-exec-1] o.s.web.servlet.DispatcherServlet        : Completed initialization in 1 ms
2025-10-14T10:07:07.951+08:00  INFO 20152 --- [api-platform] [http-nio-8080-exec-4] o.springdoc.api.AbstractOpenApiResource  : Init duration for springdoc-openapi is: 688 ms
2025-10-14T10:09:36.966+08:00  INFO 20152 --- [api-platform] [File Watcher] rtingClassPathChangeChangedEventListener : Restarting due to 1 class path change (0 additions, 0 deletions, 1 modification)
2025-10-14T10:09:36.971+08:00  INFO 20152 --- [api-platform] [Thread-5] o.s.b.w.e.tomcat.GracefulShutdown        : Commencing graceful shutdown. Waiting for active requests to complete
2025-10-14T10:09:37.142+08:00  INFO 20152 --- [api-platform] [tomcat-shutdown] o.s.b.w.e.tomcat.GracefulShutdown        : Graceful shutdown complete
2025-10-14T10:09:37.150+08:00  INFO 20152 --- [api-platform] [Thread-5] j.LocalContainerEntityManagerFactoryBean : Closing JPA EntityManagerFactory for persistence unit 'default'
2025-10-14T10:09:37.343+08:00  INFO 20152 --- [api-platform] [restartedMain] c.b.apiplatform.ApiPlatformApplication   : Starting ApiPlatformApplication using Java 17.0.16 with PID 20152 (D:\AIProject實作\APIPlatform\api-platform\target\classes started by Achilles in D:\AIProject實作\APIPlatform\api-platform)
2025-10-14T10:09:37.344+08:00 DEBUG 20152 --- [api-platform] [restartedMain] c.b.apiplatform.ApiPlatformApplication   : Running with Spring Boot v3.5.6, Spring v6.2.11
2025-10-14T10:09:37.344+08:00  INFO 20152 --- [api-platform] [restartedMain] c.b.apiplatform.ApiPlatformApplication   : No active profile set, falling back to 1 default profile: "default"
2025-10-14T10:09:37.669+08:00  INFO 20152 --- [api-platform] [restartedMain] .s.d.r.c.RepositoryConfigurationDelegate : Bootstrapping Spring Data JPA repositories in DEFAULT mode.
2025-10-14T10:09:37.738+08:00  INFO 20152 --- [api-platform] [restartedMain] .s.d.r.c.RepositoryConfigurationDelegate : Finished Spring Data repository scanning in 65 ms. Found 6 JPA repository interfaces.
2025-10-14T10:09:37.868+08:00  INFO 20152 --- [api-platform] [restartedMain] o.s.b.w.embedded.tomcat.TomcatWebServer  : Tomcat initialized with port 8080 (http)
2025-10-14T10:09:37.869+08:00  INFO 20152 --- [api-platform] [restartedMain] o.apache.catalina.core.StandardService   : Starting service [Tomcat]
2025-10-14T10:09:37.869+08:00  INFO 20152 --- [api-platform] [restartedMain] o.apache.catalina.core.StandardEngine    : Starting Servlet engine: [Apache Tomcat/10.1.46]
2025-10-14T10:09:37.893+08:00  INFO 20152 --- [api-platform] [restartedMain] o.a.c.c.C.[Tomcat].[localhost].[/]       : Initializing Spring embedded WebApplicationContext
2025-10-14T10:09:37.893+08:00  INFO 20152 --- [api-platform] [restartedMain] w.s.c.ServletWebServerApplicationContext : Root WebApplicationContext: initialization completed in 545 ms
2025-10-14T10:09:37.923+08:00  INFO 20152 --- [api-platform] [restartedMain] o.hibernate.jpa.internal.util.LogHelper  : HHH000204: Processing PersistenceUnitInfo [name: default]
2025-10-14T10:09:37.926+08:00  INFO 20152 --- [api-platform] [restartedMain] o.h.c.internal.RegionFactoryInitiator    : HHH000026: Second-level cache disabled
2025-10-14T10:09:37.944+08:00  INFO 20152 --- [api-platform] [restartedMain] o.s.o.j.p.SpringPersistenceUnitInfo      : No LoadTimeWeaver setup: ignoring JPA class transformer
2025-10-14T10:09:37.946+08:00  WARN 20152 --- [api-platform] [restartedMain] org.hibernate.orm.deprecation            : HHH90000021: Encountered deprecated setting [hibernate.temp.use_jdbc_metadata_defaults], use [hibernate.boot.allow_jdbc_metadata_access] instead
2025-10-14T10:09:37.946+08:00  WARN 20152 --- [api-platform] [restartedMain] org.hibernate.orm.deprecation            : HHH90000025: SQLServerDialect does not need to be specified explicitly using 'hibernate.dialect' (remove the property setting and it will be selected by default)
2025-10-14T10:09:37.947+08:00  INFO 20152 --- [api-platform] [restartedMain] org.hibernate.orm.connections.pooling    : HHH10001005: Database info:
	Database JDBC URL [undefined/unknown]
	Database driver: undefined/unknown
	Database version: 11.0
	Autocommit mode: undefined/unknown
	Isolation level: <unknown>
	Minimum pool size: undefined/unknown
	Maximum pool size: undefined/unknown
2025-10-14T10:09:38.216+08:00  INFO 20152 --- [api-platform] [restartedMain] o.h.e.t.j.p.i.JtaPlatformInitiator       : HHH000489: No JTA platform available (set 'hibernate.transaction.jta.platform' to enable JTA platform integration)
2025-10-14T10:09:38.217+08:00  INFO 20152 --- [api-platform] [restartedMain] j.LocalContainerEntityManagerFactoryBean : Initialized JPA EntityManagerFactory for persistence unit 'default'
2025-10-14T10:09:38.321+08:00 DEBUG 20152 --- [api-platform] [restartedMain] c.b.apiplatform.filter.ApiKeyAuthFilter  : Filter 'apiKeyFilter' configured for use
2025-10-14T10:09:38.658+08:00  INFO 20152 --- [api-platform] [restartedMain] o.s.b.d.a.OptionalLiveReloadServer       : LiveReload server is running on port 35729
2025-10-14T10:09:38.661+08:00  INFO 20152 --- [api-platform] [restartedMain] o.s.b.a.e.web.EndpointLinksResolver      : Exposing 3 endpoints beneath base path '/actuator'
2025-10-14T10:09:38.684+08:00  INFO 20152 --- [api-platform] [restartedMain] o.s.b.w.embedded.tomcat.TomcatWebServer  : Tomcat started on port 8080 (http) with context path '/'
2025-10-14T10:09:38.694+08:00  INFO 20152 --- [api-platform] [restartedMain] c.b.apiplatform.ApiPlatformApplication   : Started ApiPlatformApplication in 1.391 seconds (process running for 166.477)
2025-10-14T10:09:38.699+08:00  INFO 20152 --- [api-platform] [restartedMain] .ConditionEvaluationDeltaLoggingListener : Condition evaluation unchanged
2025-10-14T10:09:51.677+08:00  INFO 20152 --- [api-platform] [http-nio-8080-exec-1] o.a.c.c.C.[Tomcat].[localhost].[/]       : Initializing Spring DispatcherServlet 'dispatcherServlet'
2025-10-14T10:09:51.677+08:00  INFO 20152 --- [api-platform] [http-nio-8080-exec-1] o.s.web.servlet.DispatcherServlet        : Initializing Servlet 'dispatcherServlet'
2025-10-14T10:09:51.679+08:00  INFO 20152 --- [api-platform] [http-nio-8080-exec-1] o.s.web.servlet.DispatcherServlet        : Completed initialization in 2 ms
2025-10-14T10:09:52.071+08:00  INFO 20152 --- [api-platform] [http-nio-8080-exec-4] o.springdoc.api.AbstractOpenApiResource  : Init duration for springdoc-openapi is: 283 ms
2025-10-14T10:18:21.870+08:00  INFO 20152 --- [api-platform] [File Watcher] rtingClassPathChangeChangedEventListener : Restarting due to 1 class path change (0 additions, 0 deletions, 1 modification)
2025-10-14T10:18:21.871+08:00  INFO 20152 --- [api-platform] [Thread-7] o.s.b.w.e.tomcat.GracefulShutdown        : Commencing graceful shutdown. Waiting for active requests to complete
2025-10-14T10:18:22.017+08:00  INFO 20152 --- [api-platform] [tomcat-shutdown] o.s.b.w.e.tomcat.GracefulShutdown        : Graceful shutdown complete
2025-10-14T10:18:22.021+08:00  INFO 20152 --- [api-platform] [Thread-7] j.LocalContainerEntityManagerFactoryBean : Closing JPA EntityManagerFactory for persistence unit 'default'
